time,temperature,td,temp_max,temp_min,pressure,precip_1h,RH,RH_min,wind_direct_inst,wind_speed_inst,wind_direct_2m,wind_speed_2m,wind_direct_max,wind_speed_max,vis_inst,vis_min,temp_surf,temp_surf_max,temp_surf_min,temp_surf_5,temp_surf_10,temp_surf_15,temp_surf_20,temp_surf_40
2013-9-1 1:00:00,21.1,,21.3,21.1,,0,,,1,0,0,0,1,1.7,,,,,,,,,,,
2013-9-1 00:00:00,21.2,,21.2,20.7,,0,,,4,0,355,0.9,7,2.3,,,,,,,,,,,
2013-8-31 23:00:00,20.8,,21.6,20.7,,0,,,54,0.8,26,1.4,29,2.7,,,,,,,,,,,
2013-8-31 22:00:00,21.6,,22.4,21.6,,0,,,15,1.1,30,1.5,49,3.1,,,,,,,,,,,
2013-8-31 21:00:00,22.4,,23.6,22.4,,0,,,9,0.8,29,1.2,40,5.3,,,,,,,,,,,
2013-8-31 20:00:00,23.6,,24.8,23.6,,0,,,23,2,34,2.7,38,6,,,,,,,,,,,
2013-8-31 19:00:00,24.8,,25.6,24.8,,0,,,40,5.3,37,3.1,21,6.4,,,,,,,,,,,
2013-8-31 18:00:00,25.6,,27.7,25.6,,0,,,9,3.1,22,2.3,4,5.8,,,,,,,,,,,
2013-8-31 17:00:00,27.8,,30.6,27.8,,0,,,49,2.7,28,3.3,9,6.2,,,,,,,,,,,
2013-8-31 16:00:00,30.7,,31.5,30.2,,0,,,9,4.4,14,3.3,9,8.5,,,,,,,,,,,
2013-8-31 15:00:00,30,,32.3,29.5,,0,,,358,4.5,7,2.5,327,7.6,,,,,,,,,,,
2013-8-31 14:00:00,32.3,,32.5,30.8,,0,,,330,3.7,341,3.6,7,7.2,,,,,,,,,,,
2013-8-31 13:00:00,31.3,,31.3,28.8,,0,,,344,2.3,3,3.3,313,7.1,,,,,,,,,,,
2013-8-31 12:00:00,28.7,,32.6,28.5,,0,,,336,3.8,327,4.7,344,7.3,,,,,,,,,,,
2013-8-31 11:00:00,31.3,,31.4,29,,0,,,355,6.7,8,3.8,353,7.3,,,,,,,,,,,
2013-8-31 10:00:00,29,,29,28,,0,,,324,1.3,2,3.1,336,6.3,,,,,,,,,,,
2013-8-31 9:00:00,28.1,,28.2,25.2,,0,,,7,4.3,10,2.2,12,5.3,,,,,,,,,,,
2013-8-31 8:00:00,25.2,,25.2,22.9,,0,,,322,2.2,350,1.9,336,4.9,,,,,,,,,,,
2013-8-31 7:00:00,22.9,,22.9,22.2,,0,,,330,2.4,333,2.3,353,3.5,,,,,,,,,,,
2013-8-31 6:00:00,22.2,,22.3,22,,0,,,336,2.2,354,1.8,347,4.3,,,,,,,,,,,
2013-8-31 5:00:00,22.3,,22.7,22.3,,0,,,341,1.9,354,2.3,4,3.6,,,,,,,,,,,
2013-8-31 4:00:00,22.7,,23.3,22.7,,0,,,353,1.9,348,2.1,341,4,,,,,,,,,,,
2013-8-31 3:00:00,23.3,,23.3,23.1,,0,,,353,2,353,1.7,7,4.1,,,,,,,,,,,
2013-8-31 2:00:00,23.2,,23.4,23.2,,0,,,38,2.6,19,2.2,7,5.5,,,,,,,,,,,
2013-8-31 1:00:00,23.4,,23.9,23.4,,0,,,18,2.4,15,3,38,4.9,,,,,,,,,,,
2013-8-31 00:00:00,23.9,,24.9,23.9,,0,,,26,2.8,15,2.4,29,5.9,,,,,,,,,,,
2013-8-30 23:00:00,24.9,,25.7,24.9,,0,,,9,3.5,20,3.5,4,7.4,,,,,,,,,,,
2013-8-30 22:00:00,25.7,,26.4,25.7,,0,,,23,5,34,4.7,52,10.4,,,,,,,,,,,
2013-8-30 21:00:00,26.3,,27.5,26.3,,0,,,35,3.7,31,3,4,8.6,,,,,,,,,,,
2013-8-30 20:00:00,27.5,,28.4,27.5,,0,,,40,2.3,29,3.1,18,7.7,,,,,,,,,,,
2013-8-30 19:00:00,28.4,,29.4,28.4,,0,,,29,4.5,29,4.3,358,9.1,,,,,,,,,,,
2013-8-30 18:00:00,29.4,,30.3,29.4,,0,,,52,4.3,30,4.8,21,7.7,,,,,,,,,,,
2013-8-30 17:00:00,30.3,,31,30.3,,0,,,23,2,27,3.4,60,5.9,,,,,,,,,,,
2013-8-30 16:00:00,31.1,,33.3,31.1,,0,,,35,3.7,30,3,26,5.7,,,,,,,,,,,
2013-8-30 15:00:00,33.3,,33.6,32.5,,0,,,57,3.8,37,3,49,6.2,,,,,,,,,,,
2013-8-30 14:00:00,32.6,,33.7,32.3,,0,,,12,5,42,3.4,49,8.2,,,,,,,,,,,
2013-8-30 13:00:00,33.7,,34.4,31.9,,0,,,35,5.2,32,4.4,32,8.7,,,,,,,,,,,
2013-8-30 12:00:00,31.9,,33.1,31.6,,0,,,7,3.2,30,3.2,32,7.1,,,,,,,,,,,
2013-8-30 11:00:00,31.8,,32.3,31.4,,0,,,43,2.9,28,2.8,9,7.2,,,,,,,,,,,
2013-8-30 10:00:00,32.4,,32.4,31.4,,0,,,23,5.3,21,4.2,15,7.2,,,,,,,,,,,
2013-8-30 9:00:00,31.3,,31.3,29.9,,0,,,246,2.1,34,3.1,15,8.3,,,,,,,,,,,
2013-8-30 8:00:00,30,,30.2,27.7,,0,,,38,1.5,23,2.9,15,4.8,,,,,,,,,,,
2013-8-30 7:00:00,27.7,,27.7,27.3,,0,,,7,0,0,0,26,3,,,,,,,,,,,
2013-8-30 6:00:00,27.5,,27.5,27.4,,0,,,4,0,356,0.4,353,2.2,,,,,,,,,,,
2013-8-30 5:00:00,27.5,,27.7,27.5,,0,,,353,1.1,348,0.2,4,2.8,,,,,,,,,,,
2013-8-30 4:00:00,27.6,,27.6,27.3,,0,,,7,0,0,0,7,0,,,,,,,,,,,
2013-8-30 3:00:00,27.3,,27.9,27.3,,0.1,,,29,0,0,0,80,3,,,,,,,,,,,
2013-8-30 2:00:00,27.8,,27.8,27.6,,0,,,63,1.4,48,1.4,71,1.9,,,,,,,,,,,
2013-8-30 1:00:00,27.6,,27.6,27.5,,0,,,66,0,0,0,344,1.8,,,,,,,,,,,
2013-8-30 00:00:00,27.5,,27.7,27.4,,0,,,15,1.4,15,0.6,341,1.7,,,,,,,,,,,
2013-8-29 23:00:00,27.6,,27.9,27.5,,0,,,336,0,0,0,336,0,,,,,,,,,,,
2013-8-29 22:00:00,27.9,,28.2,27.8,,0,,,353,0,0,0,32,1.6,,,,,,,,,,,
2013-8-29 21:00:00,28,,28.6,27.9,,0,,,7,0,13,0.2,322,5.6,,,,,,,,,,,
2013-8-29 20:00:00,28,,28,27.7,,0,,,327,4,328,3.9,322,5.2,,,,,,,,,,,
2013-8-29 19:00:00,27.9,,28.6,27.9,,0,,,111,1.6,113,0.9,136,4.8,,,,,,,,,,,
2013-8-29 18:00:00,28.4,,29.1,28.3,,0,,,111,2.3,133,3.3,128,6.7,,,,,,,,,,,
2013-8-29 17:00:00,28.6,,34.8,28.6,,1.5,,,83,3.3,68,3.7,322,10.4,,,,,,,,,,,
2013-8-29 16:00:00,34.9,,35.8,34.9,,0,,,232,1.8,230,1.7,178,4,,,,,,,,,,,
2013-8-29 15:00:00,35.5,,35.7,35,,0,,,201,1.1,188,2.5,156,4.2,,,,,,,,,,,
2013-8-29 14:00:00,35.2,,35.3,34.6,,0,,,184,2.3,201,1.8,178,4.2,,,,,,,,,,,
2013-8-29 13:00:00,34.7,,34.7,33.3,,0,,,175,2.9,170,3.2,142,5.2,,,,,,,,,,,
2013-8-29 12:00:00,33.4,,34.1,33.3,,0,,,173,3.1,167,3.3,144,5.9,,,,,,,,,,,
2013-8-29 11:00:00,33.5,,33.6,33.2,,0,,,142,3.4,158,3.2,156,5.9,,,,,,,,,,,
2013-8-29 10:00:00,33.2,,33.3,32,,0,,,184,1.8,173,2.2,195,4.1,,,,,,,,,,,
2013-8-29 9:00:00,32,,32,30.3,,0,,,229,2.1,189,1.8,164,4.2,,,,,,,,,,,
2013-8-29 8:00:00,30.3,,30.4,28.6,,0,,,229,1.9,235,1.9,161,4.3,,,,,,,,,,,
2013-8-29 7:00:00,28.5,,28.5,27.9,,0,,,173,3.1,167,3.7,181,4.9,,,,,,,,,,,
2013-8-29 6:00:00,27.9,,28,27.8,,0,,,156,2.1,167,2.2,170,4.4,,,,,,,,,,,
2013-8-29 5:00:00,27.9,,28.2,27.9,,0,,,192,2.1,170,2.5,156,4.6,,,,,,,,,,,
2013-8-29 4:00:00,28.1,,28.1,28,,0,,,156,3.5,161,3.1,167,4.1,,,,,,,,,,,
2013-8-29 3:00:00,28,,28.2,27.9,,0,,,144,2.8,152,2.6,150,3.9,,,,,,,,,,,
2013-8-29 2:00:00,28.2,,28.6,28.2,,0,,,144,3.1,147,3.1,156,3.9,,,,,,,,,,,
2013-8-29 1:00:00,28.6,,28.9,28.5,,0,,,150,2.7,149,3,153,4.7,,,,,,,,,,,
2013-8-29 00:00:00,28.9,,29.1,28.8,,0,,,164,2.9,156,3,170,4.8,,,,,,,,,,,
2013-8-28 23:00:00,28.9,,29.1,28.9,,0,,,142,2.7,148,3.1,147,5.9,,,,,,,,,,,
2013-8-28 22:00:00,29.1,,29.2,29.1,,0,,,150,5.5,146,4.5,139,6.3,,,,,,,,,,,
2013-8-28 21:00:00,29.2,,29.5,29.1,,0,,,130,3.7,136,3.4,139,5,,,,,,,,,,,
2013-8-28 20:00:00,29.6,,30.3,29.5,,0,,,125,3.4,131,3,119,6.3,,,,,,,,,,,
2013-8-28 19:00:00,30.3,,31.4,30.3,,0,,,142,4.4,138,4.1,133,6.9,,,,,,,,,,,
2013-8-28 18:00:00,31.5,,32.5,31.5,,0,,,156,3.1,139,4.6,150,7.2,,,,,,,,,,,
2013-8-28 17:00:00,32.5,,33.7,32.5,,0,,,161,3,146,4.6,153,7.4,,,,,,,,,,,
2013-8-28 16:00:00,33.7,,34.2,33.7,,0,,,173,4.3,167,5,170,6,,,,,,,,,,,
2013-8-28 15:00:00,33.9,,34.1,33.7,,0,,,153,3.4,152,3.8,173,5.8,,,,,,,,,,,
2013-8-28 14:00:00,33.7,,33.8,33.3,,0,,,209,2.7,211,2.3,164,5.4,,,,,,,,,,,
2013-8-28 13:00:00,33.4,,33.7,32.8,,0,,,173,3,170,3.3,150,6.1,,,,,,,,,,,
2013-8-28 12:00:00,32.9,,33.2,32.1,,0,,,178,3.7,181,3.2,150,5.4,,,,,,,,,,,
2013-8-28 11:00:00,32.3,,32.5,31.1,,0,,,147,3.4,149,3.6,144,5.7,,,,,,,,,,,
2013-8-28 10:00:00,31,,31,29.8,,0,,,161,3.7,164,3.8,170,6.1,,,,,,,,,,,
2013-8-28 9:00:00,29.9,,30,28.6,,0,,,156,5.1,154,4.2,164,6.4,,,,,,,,,,,
2013-8-28 8:00:00,28.5,,28.5,27.2,,0,,,156,3.4,132,3.4,144,5.8,,,,,,,,,,,
2013-8-28 7:00:00,27.2,,27.2,26.6,,0,,,122,2.7,125,2.3,105,4.3,,,,,,,,,,,
2013-8-28 6:00:00,26.6,,26.6,26.5,,0,,,125,2.2,114,1.7,128,4.3,,,,,,,,,,,
2013-8-28 5:00:00,26.5,,26.5,26.5,,0,,,119,2.6,116,2.4,136,4.5,,,,,,,,,,,
2013-8-28 4:00:00,26.5,,26.6,26.5,,0,,,111,2.2,120,2.8,99,5.6,,,,,,,,,,,
2013-8-28 3:00:00,26.6,,26.7,26.6,,0,,,128,3.2,113,3,116,5.5,,,,,,,,,,,
2013-8-28 2:00:00,26.7,,26.8,26.7,,0,,,105,4.1,116,2.7,94,5.2,,,,,,,,,,,
2013-8-28 1:00:00,26.7,,26.7,26.6,,0,,,113,1.9,107,2.7,85,4.6,,,,,,,,,,,
2013-8-28 00:00:00,26.7,,26.7,26.7,,0,,,122,3.4,119,2.6,105,5,,,,,,,,,,,
2013-8-27 23:00:00,26.7,,27,26.7,,0,,,108,2,108,2.7,125,5.5,,,,,,,,,,,
2013-8-27 22:00:00,27,,27.3,27,,0,,,128,2.8,118,2.8,111,5.5,,,,,,,,,,,
2013-8-27 21:00:00,27.2,,27.5,27.2,,0,,,108,2.6,117,3.5,128,6.1,,,,,,,,,,,
2013-8-27 20:00:00,27.5,,27.7,27.3,,0,,,91,2.5,126,3,122,5.4,,,,,,,,,,,
2013-8-27 19:00:00,27.7,,28.5,27.7,,0,,,139,2.2,126,3.2,122,6.3,,,,,,,,,,,
2013-8-27 18:00:00,28.5,,29.3,28.5,,0,,,139,3.9,137,4.5,119,6.6,,,,,,,,,,,
2013-8-27 17:00:00,29.2,,29.9,29.2,,0,,,99,2.3,137,3.8,133,7.1,,,,,,,,,,,
2013-8-27 16:00:00,29.9,,30.1,29.6,,0,,,144,3.6,122,5.4,125,7.3,,,,,,,,,,,
2013-8-27 15:00:00,29.7,,30.3,29.6,,0,,,116,3.8,135,4.5,136,7.1,,,,,,,,,,,
2013-8-27 14:00:00,29.9,,30,29.1,,0,,,77,4.7,118,4,125,7.7,,,,,,,,,,,
2013-8-27 13:00:00,29.8,,30.5,29.8,,0,,,150,4.9,145,4.2,136,6.1,,,,,,,,,,,
2013-8-27 12:00:00,30.2,,30.2,29.4,,0,,,133,4.5,132,3.6,139,6.8,,,,,,,,,,,
2013-8-27 11:00:00,29.9,,30.3,29.5,,0,,,139,4.3,122,4,133,6.4,,,,,,,,,,,
2013-8-27 10:00:00,29.7,,29.7,28.5,,0,,,74,2.1,100,3.1,133,6.2,,,,,,,,,,,
2013-8-27 9:00:00,28.5,,28.5,26.9,,0,,,128,2.8,123,3.2,102,5.3,,,,,,,,,,,
2013-8-27 8:00:00,26.9,,26.9,26.2,,0,,,116,3.5,108,2.8,105,4.9,,,,,,,,,,,
2013-8-27 7:00:00,26.3,,26.3,24.8,,0,,,116,2,105,1.7,71,3.6,,,,,,,,,,,
2013-8-27 6:00:00,24.8,,24.9,24.7,,0,,,74,1.7,54,1.8,71,3.5,,,,,,,,,,,
2013-8-27 5:00:00,25,,25.2,25,,0,,,54,1.4,66,1.6,63,2.5,,,,,,,,,,,
2013-8-27 4:00:00,25,,25,24.5,,0,,,71,0,0,0,71,0,,,,,,,,,,,
2013-8-27 3:00:00,24.5,,24.5,23.9,,0,,,85,0,0,0,85,0,,,,,,,,,,,
2013-8-27 2:00:00,23.9,,24,23.9,,0,,,83,0,0,0,18,2.2,,,,,,,,,,,
2013-8-27 1:00:00,24,,24.5,24,,0,,,60,1.8,40,1.3,29,2.5,,,,,,,,,,,
2013-8-27 00:00:00,24.5,,24.9,24.5,,0,,,355,0.4,11,0.3,113,1.9,,,,,,,,,,,
2013-8-26 23:00:00,24.8,,26.3,24.8,,0,,,113,0,102,0.2,142,2.2,,,,,,,,,,,
2013-8-26 22:00:00,26.1,,26.1,25.7,,0,,,156,1.3,158,0.7,128,2.2,,,,,,,,,,,
2013-8-26 21:00:00,25.7,,26,25.7,,0,,,102,0,0,0,102,2.3,,,,,,,,,,,
2013-8-26 20:00:00,26,,26.2,25.9,,0,,,111,2,112,1.6,105,2.5,,,,,,,,,,,
2013-8-26 19:00:00,26.1,,26.7,26.1,,0,,,128,1.4,121,1.3,156,2.8,,,,,,,,,,,
2013-8-26 18:00:00,26.8,,27,26.7,,0,,,161,2,162,1.9,161,3.2,,,,,,,,,,,
2013-8-26 17:00:00,26.8,,26.9,26.6,,0,,,97,1.8,126,1.7,136,3.9,,,,,,,,,,,
2013-8-26 16:00:00,26.6,,26.8,26.5,,0,,,119,2.5,137,2.1,153,5.2,,,,,,,,,,,
2013-8-26 15:00:00,26.5,,26.7,26.1,,0,,,144,2.6,128,2.3,116,4,,,,,,,,,,,
2013-8-26 14:00:00,26.1,,26.1,25.6,,0.4,,,105,0.6,108,0.2,108,3.5,,,,,,,,,,,
2013-8-26 13:00:00,25.7,,25.9,25.6,,0.2,,,77,0,82,0.3,66,2.5,,,,,,,,,,,
2013-8-26 12:00:00,25.7,,25.8,25.5,,1.9,,,74,0,0,0,74,2.2,,,,,,,,,,,
2013-8-26 11:00:00,25.8,,26.8,25.8,,2.5,,,43,0.8,61,0.9,49,5.3,,,,,,,,,,,
2013-8-26 10:00:00,26.8,,27,26.6,,0,,,80,1.9,64,1.9,74,4.6,,,,,,,,,,,
2013-8-26 9:00:00,26.7,,27,26.3,,0,,,60,0.5,56,1.2,43,4,,,,,,,,,,,
2013-8-26 8:00:00,26.7,,26.7,26.5,,1.3,,,32,2.2,31,1.3,29,2.5,,,,,,,,,,,
2013-8-26 7:00:00,26.6,,26.7,26.3,,1.1,,,21,0.5,36,0.9,9,2.5,,,,,,,,,,,
2013-8-26 6:00:00,26.3,,26.6,26.3,,0,,,35,1.1,31,1.4,49,2.6,,,,,,,,,,,
2013-8-26 5:00:00,26.6,,26.7,26.4,,0,,,18,1.3,7,1.3,15,2.6,,,,,,,,,,,
2013-8-26 4:00:00,26.4,,26.4,26.3,,0,,,353,0,0,0,35,0.4,,,,,,,,,,,
2013-8-26 3:00:00,26.3,,26.6,26.3,,0,,,40,0,0,0,1,2.3,,,,,,,,,,,
2013-8-26 2:00:00,26.6,,26.9,26.6,,0,,,15,1.1,22,0.9,38,2.5,,,,,,,,,,,
2013-8-26 1:00:00,26.8,,27.6,26.8,,0,,,324,0,15,1.2,40,2.7,,,,,,,,,,,
2013-8-26 00:00:00,27.6,,28,27.6,,0,,,74,1.1,28,1.4,7,2.8,,,,,,,,,,,
2013-8-25 23:00:00,28,,28.2,27.9,,0,,,319,1.1,330,1.1,333,1.6,,,,,,,,,,,
2013-8-25 22:00:00,28.1,,28.3,27.6,,0,,,246,0,0,0,142,2.5,,,,,,,,,,,
2013-8-25 21:00:00,27.6,,27.8,27.6,,0,,,46,0,0,0,358,1.3,,,,,,,,,,,
2013-8-25 20:00:00,27.7,,28,27.7,,0,,,9,0,0,0,4,2.6,,,,,,,,,,,
2013-8-25 19:00:00,28,,28.9,28,,0,,,355,1.6,25,0.7,40,3.3,,,,,,,,,,,
2013-8-25 18:00:00,28.9,,30.4,28.9,,0,,,23,2.7,16,1.8,12,4.7,,,,,,,,,,,
2013-8-25 17:00:00,30.4,,32.1,30.4,,0,,,4,4.7,21,2.8,358,5.7,,,,,,,,,,,
2013-8-25 16:00:00,32.1,,34.4,32.1,,0,,,4,2.1,348,3.3,341,9.7,,,,,,,,,,,
2013-8-25 15:00:00,33,,35,32.5,,0,,,15,3.6,359,4.9,322,10.3,,,,,,,,,,,
2013-8-25 14:00:00,33.9,,34.9,33.9,,0,,,330,5.6,300,5.7,291,10.8,,,,,,,,,,,
2013-8-25 13:00:00,34.2,,34.8,33.1,,0,,,330,4.1,288,5.5,285,7.6,,,,,,,,,,,
2013-8-25 12:00:00,33,,33,32.7,,0,,,299,1.9,309,2.9,265,6.1,,,,,,,,,,,
2013-8-25 11:00:00,32.9,,33.2,31.9,,0,,,285,2.5,287,3,277,5.6,,,,,,,,,,,
2013-8-25 10:00:00,31.9,,32.4,31.1,,0,,,296,4.3,295,3.1,285,5.9,,,,,,,,,,,
2013-8-25 9:00:00,31.3,,31.3,29.5,,0,,,310,2.9,308,3.2,313,6.1,,,,,,,,,,,
2013-8-25 8:00:00,29.4,,29.4,28,,0,,,308,3.4,306,3.1,274,4.8,,,,,,,,,,,
2013-8-25 7:00:00,28,,28,27,,0,,,310,2,283,1.5,310,2.8,,,,,,,,,,,
2013-8-25 6:00:00,27,,27.6,26.9,,0,,,330,0,0,0,285,1.3,,,,,,,,,,,
2013-8-25 5:00:00,27.6,,27.6,27.3,,0,,,229,0,0,0,229,0,,,,,,,,,,,
2013-8-25 4:00:00,27.4,,27.5,27.2,,0,,,229,0,0,0,223,0.4,,,,,,,,,,,
2013-8-25 3:00:00,27.2,,27.3,27,,0,,,240,0,0,0,263,0.4,,,,,,,,,,,
2013-8-25 2:00:00,27,,27,26.4,,0,,,243,0,0,0,232,0.4,,,,,,,,,,,
2013-8-25 1:00:00,26.6,,26.8,26.6,,0,,,49,0,0,0,23,0.7,,,,,,,,,,,
2013-8-25 00:00:00,26.8,,27.4,26.8,,0,,,38,0,0,0,341,1.6,,,,,,,,,,,
2013-8-24 23:00:00,27.4,,28.1,27.4,,0,,,7,0,0,0,324,4.1,,,,,,,,,,,
2013-8-24 22:00:00,28.1,,28.3,27.8,,0,,,330,2.7,327,1.5,291,4.1,,,,,,,,,,,
2013-8-24 21:00:00,27.8,,27.9,27.4,,0,,,209,0,0,0,173,0.4,,,,,,,,,,,
2013-8-24 20:00:00,27.4,,27.5,27.2,,0,,,122,0,0,0,285,2.8,,,,,,,,,,,
2013-8-24 19:00:00,27.3,,27.6,27.1,,3.5,,,257,1.4,259,0.8,288,6.2,,,,,,,,,,,
2013-8-24 18:00:00,27.8,,34.4,27.8,,2.7,,,246,6,243,5.5,257,10.8,,,,,,,,,,,
2013-8-24 17:00:00,34.4,,35,34.4,,0,,,161,2.2,171,2.4,173,4.1,,,,,,,,,,,
2013-8-24 16:00:00,35,,36.6,35,,0,,,173,3.8,167,3.4,170,4.7,,,,,,,,,,,
2013-8-24 15:00:00,36.3,,36.5,35.9,,0,,,285,1,262,1.4,293,5.7,,,,,,,,,,,
2013-8-24 14:00:00,36.4,,36.4,34.8,,0,,,251,3.5,294,3.3,229,6.2,,,,,,,,,,,
2013-8-24 13:00:00,35.2,,35.3,34.5,,0,,,268,4.4,288,4,226,6.6,,,,,,,,,,,
2013-8-24 12:00:00,34.5,,34.6,33.6,,0,,,246,3.9,233,4,173,6,,,,,,,,,,,
2013-8-24 11:00:00,33.6,,33.6,32.4,,0,,,260,2.2,200,3.5,170,7.9,,,,,,,,,,,
2013-8-24 10:00:00,32.5,,32.5,31.2,,0,,,201,3.4,180,3.8,187,7.8,,,,,,,,,,,
2013-8-24 9:00:00,31.2,,31.3,30.1,,0,,,173,5.2,178,4.7,164,8.5,,,,,,,,,,,
2013-8-24 8:00:00,30.1,,30.1,29.1,,0,,,175,5.5,176,5.7,161,8.2,,,,,,,,,,,
2013-8-24 7:00:00,29,,29,28,,0,,,167,4.8,163,5.4,150,7.7,,,,,,,,,,,
2013-8-24 6:00:00,28,,28,27.7,,0,,,153,5,150,5.4,156,7,,,,,,,,,,,
2013-8-24 5:00:00,27.8,,28,27.8,,0,,,142,4.2,142,4.3,139,6.8,,,,,,,,,,,
2013-8-24 4:00:00,28,,28.2,28,,0,,,139,5.2,148,4.6,142,6.8,,,,,,,,,,,
2013-8-24 3:00:00,28.2,,28.5,28.2,,0,,,139,4.1,149,4.2,173,7.3,,,,,,,,,,,
2013-8-24 2:00:00,28.5,,28.6,28.4,,0,,,156,4.7,158,4.7,158,7.6,,,,,,,,,,,
2013-8-24 1:00:00,28.5,,28.8,28.5,,0,,,158,4.4,156,5,156,7.6,,,,,,,,,,,
2013-8-24 00:00:00,28.8,,28.9,28.7,,0,,,164,4,150,4,164,6.6,,,,,,,,,,,
2013-8-23 23:00:00,28.8,,29.1,28.8,,0,,,133,5.3,141,4.3,139,7.1,,,,,,,,,,,
2013-8-23 22:00:00,29,,29.4,29,,0,,,156,5.9,146,5.4,139,9.3,,,,,,,,,,,
2013-8-23 21:00:00,29.3,,29.6,29.3,,0,,,130,5.8,143,5.9,144,9.5,,,,,,,,,,,
2013-8-23 20:00:00,29.6,,30.2,29.6,,0,,,128,3.7,135,6.6,116,9.4,,,,,,,,,,,
2013-8-23 19:00:00,30.2,,30.8,30.2,,0,,,150,6.4,133,6,150,10.1,,,,,,,,,,,
2013-8-23 18:00:00,30.8,,31.6,30.8,,0,,,150,8.6,142,7.7,142,10.1,,,,,,,,,,,
2013-8-23 17:00:00,31.6,,32.2,31.5,,0,,,144,6.8,148,7.4,144,9.8,,,,,,,,,,,
2013-8-23 16:00:00,32.1,,33.3,32.1,,0,,,142,7.3,141,7.2,147,9.8,,,,,,,,,,,
2013-8-23 15:00:00,33.2,,33.5,33,,0,,,153,6.2,143,6.4,173,10.4,,,,,,,,,,,
2013-8-23 14:00:00,33.2,,33.2,32.4,,0,,,178,4.7,164,5.3,156,12.1,,,,,,,,,,,
2013-8-23 13:00:00,32.7,,32.7,31.7,,0,,,161,9.4,152,8.2,139,12,,,,,,,,,,,
2013-8-23 12:00:00,32.1,,33,31.7,,0,,,144,7.6,148,8.3,144,12.3,,,,,,,,,,,
2013-8-23 11:00:00,32.7,,32.7,31.7,,0,,,144,8.7,141,6.7,144,12,,,,,,,,,,,
2013-8-23 10:00:00,31.7,,31.7,30.2,,0,,,150,8.2,159,8.7,156,12.5,,,,,,,,,,,
2013-8-23 9:00:00,30.3,,30.4,29.9,,0,,,164,4.6,144,5.8,144,11.8,,,,,,,,,,,
2013-8-23 8:00:00,30,,30,29.1,,0,,,147,7.6,145,8.1,136,11.9,,,,,,,,,,,
2013-8-23 7:00:00,29.1,,29.1,28.1,,0,,,128,4.2,132,5.3,147,10.2,,,,,,,,,,,
2013-8-23 6:00:00,28.1,,28.1,27.9,,0,,,144,4.7,132,5,128,7.7,,,,,,,,,,,
2013-8-23 5:00:00,28,,28,27.8,,0,,,128,3.9,123,3.8,130,6.5,,,,,,,,,,,
2013-8-23 4:00:00,27.9,,27.9,27.6,,0,,,111,2.8,124,4.6,133,8,,,,,,,,,,,
2013-8-23 3:00:00,27.6,,28.3,27.6,,0,,,147,4.7,129,4.8,139,9.5,,,,,,,,,,,
2013-8-23 2:00:00,28.3,,28.4,28,,0,,,128,7.9,138,7.2,128,11.4,,,,,,,,,,,
2013-8-23 1:00:00,28.1,,28.7,28.1,,0,,,153,4.4,128,6.3,119,13,,,,,,,,,,,
2013-8-23 00:00:00,28.7,,28.8,28.7,,0,,,125,6.9,120,6,105,10.7,,,,,,,,,,,
2013-8-22 23:00:00,28.8,,29,28.8,,0,,,139,7,121,5.3,105,10.5,,,,,,,,,,,
2013-8-22 22:00:00,28.9,,29.1,28.9,,0,,,119,3.2,120,5.9,161,12.1,,,,,,,,,,,
2013-8-22 21:00:00,29.1,,29.1,29,,0,,,130,4.6,118,5.1,122,12.2,,,,,,,,,,,
2013-8-22 20:00:00,29,,29.3,29,,0,,,111,4.4,113,5.3,125,11.3,,,,,,,,,,,
2013-8-22 19:00:00,29.3,,29.6,29.3,,0,,,128,4.3,116,6.2,94,11.1,,,,,,,,,,,
2013-8-22 18:00:00,29.6,,29.9,29.6,,0,,,105,8.5,121,5.8,128,12.1,,,,,,,,,,,
2013-8-22 17:00:00,29.9,,30.5,29.9,,0,,,128,8.2,119,7,116,13.3,,,,,,,,,,,
2013-8-22 16:00:00,30.6,,31,30.5,,0,,,105,7.7,120,8.1,139,14.8,,,,,,,,,,,
2013-8-22 15:00:00,30.9,,31.1,30.4,,0,,,102,10.4,119,8,128,14,,,,,,,,,,,
2013-8-22 14:00:00,30.6,,32.3,30.4,,0,,,105,7.3,118,8.3,128,15,,,,,,,,,,,
2013-8-22 13:00:00,31.9,,32.6,31.9,,0,,,150,7,130,10,128,16.8,,,,,,,,,,,
2013-8-22 12:00:00,31.8,,32.1,31.4,,0,,,99,7.8,121,7.2,139,16.3,,,,,,,,,,,
2013-8-22 11:00:00,31.4,,31.6,30.4,,0,,,119,10,114,6.8,128,15.2,,,,,,,,,,,
2013-8-22 10:00:00,30.4,,30.4,30.1,,0,,,116,5.2,111,5.6,119,13,,,,,,,,,,,
2013-8-22 9:00:00,30.1,,30.1,29.4,,0,,,119,5.4,113,5.3,133,14.9,,,,,,,,,,,
2013-8-22 8:00:00,29.4,,29.4,29.2,,0,,,83,5.3,111,5.2,125,11.6,,,,,,,,,,,
2013-8-22 7:00:00,29.2,,29.2,28.9,,0,,,113,6.4,107,6.5,116,10.4,,,,,,,,,,,
2013-8-22 6:00:00,28.9,,29,28.9,,0,,,94,3.8,97,3.6,105,10,,,,,,,,,,,
2013-8-22 5:00:00,29,,29,28.9,,0,,,128,4.9,110,4.6,105,10.3,,,,,,,,,,,
2013-8-22 4:00:00,28.9,,29.2,28.8,,0,,,111,6.5,106,5.4,119,11.1,,,,,,,,,,,
2013-8-22 3:00:00,29.1,,29.2,29,,0,,,91,6.4,113,6.4,111,10.2,,,,,,,,,,,
2013-8-22 2:00:00,29.2,,29.5,29.1,,0,,,57,5.8,116,6.6,116,13.9,,,,,,,,,,,
2013-8-22 1:00:00,29.5,,29.7,29.5,,0,,,116,8,107,7.6,108,12.8,,,,,,,,,,,
2013-8-22 00:00:00,29.6,,29.6,29.6,,0,,,128,3.1,78,3.8,119,11.9,,,,,,,,,,,
2013-8-21 23:00:00,29.6,,30.1,29.6,,0,,,99,5.5,97,4.9,128,10.6,,,,,,,,,,,
2013-8-21 22:00:00,30.1,,30.2,30,,0,,,94,2.7,83,3.6,83,10.1,,,,,,,,,,,
2013-8-21 21:00:00,30.1,,30.2,30.1,,0,,,60,4.3,77,4.6,94,9.2,,,,,,,,,,,
2013-8-21 20:00:00,30.1,,30.5,30.1,,0,,,49,3.1,82,3.8,63,9.7,,,,,,,,,,,
2013-8-21 19:00:00,30.4,,30.6,30.3,,0,,,29,2.1,86,3,74,11.4,,,,,,,,,,,
2013-8-21 18:00:00,30.3,,32.1,30.3,,0,,,94,4,83,4.6,54,10.4,,,,,,,,,,,
2013-8-21 17:00:00,32,,32.5,31.9,,0,,,88,6,77,4.8,49,10.7,,,,,,,,,,,
2013-8-21 16:00:00,32.6,,33.3,32.4,,0,,,83,7.8,68,5.2,60,11.7,,,,,,,,,,,
2013-8-21 15:00:00,32.6,,32.8,32.3,,0,,,54,4,88,3.7,63,9.8,,,,,,,,,,,
2013-8-21 14:00:00,32.5,,33.6,32.4,,0,,,77,4.7,67,4.2,94,10.5,,,,,,,,,,,
2013-8-21 13:00:00,32.4,,33.3,32,,0,,,60,6.5,62,5.1,66,9.2,,,,,,,,,,,
2013-8-21 12:00:00,31.9,,33.7,31.9,,0,,,88,3.4,65,4.2,68,10.6,,,,,,,,,,,
2013-8-21 11:00:00,33.6,,33.7,30.9,,0,,,49,3.8,71,4,60,9.6,,,,,,,,,,,
2013-8-21 10:00:00,30.8,,32,30.8,,0,,,29,4.9,60,4.4,83,9.8,,,,,,,,,,,
2013-8-21 9:00:00,30.9,,30.9,29.8,,0,,,54,4.1,57,3.9,66,7.8,,,,,,,,,,,
2013-8-21 8:00:00,29.8,,30.3,29.1,,0,,,60,4.7,54,4.6,71,8.3,,,,,,,,,,,
2013-8-21 7:00:00,29.1,,29.1,27.6,,0,,,40,2,51,4.4,29,6.8,,,,,,,,,,,
2013-8-21 6:00:00,27.6,,27.6,27.3,,0,,,60,2.8,34,2.7,32,4.7,,,,,,,,,,,
2013-8-21 5:00:00,27.4,,27.4,26.9,,0,,,7,1.9,27,2.2,32,4,,,,,,,,,,,
2013-8-21 4:00:00,27,,27.1,27,,0,,,38,1.5,29,1.6,7,2.9,,,,,,,,,,,
2013-8-21 3:00:00,27.1,,27.7,27.1,,0,,,43,1.8,29,1.6,29,2.5,,,,,,,,,,,
2013-8-21 2:00:00,27.7,,28.1,27.7,,0,,,358,0,0,0,43,4.4,,,,,,,,,,,
2013-8-21 1:00:00,27.9,,28.4,27.8,,0,,,83,2.3,57,2.3,94,3.7,,,,,,,,,,,
2013-8-21 00:00:00,28.4,,28.8,28.3,,0,,,94,2.4,67,1.7,66,4.5,,,,,,,,,,,
2013-8-20 23:00:00,28.8,,29.5,28.8,,0,,,54,3.1,55,1.9,60,5,,,,,,,,,,,
2013-8-20 22:00:00,29.5,,29.5,29.3,,0,,,26,1.2,94,2,91,6,,,,,,,,,,,
2013-8-20 21:00:00,29.3,,29.7,29.3,,0,,,83,1.6,90,1.8,71,5.1,,,,,,,,,,,
2013-8-20 20:00:00,29.7,,31,29.7,,0,,,49,2.9,57,2.5,88,6.9,,,,,,,,,,,
2013-8-20 19:00:00,31,,32.2,31,,0,,,94,3.2,105,3.4,105,5.9,,,,,,,,,,,
2013-8-20 18:00:00,32.2,,33.1,32.2,,0,,,99,2.2,100,2.6,74,6.9,,,,,,,,,,,
2013-8-20 17:00:00,32.6,,35,32.6,,0,,,97,3.6,100,3.6,66,7.4,,,,,,,,,,,
2013-8-20 16:00:00,34.9,,35.5,34.5,,0,,,108,2.9,100,3.3,105,8.6,,,,,,,,,,,
2013-8-20 15:00:00,35.6,,36.3,34.9,,0,,,88,4.1,85,3.3,119,7.1,,,,,,,,,,,
2013-8-20 14:00:00,35.4,,35.8,34.6,,0,,,83,5.8,82,3.5,105,6.9,,,,,,,,,,,
2013-8-20 13:00:00,34.6,,35.6,34,,0,,,128,2.8,110,3.1,102,7.3,,,,,,,,,,,
2013-8-20 12:00:00,34.1,,34.9,33.6,,0,,,63,1.7,79,2.3,119,6.4,,,,,,,,,,,
2013-8-20 11:00:00,34.4,,34.7,33.2,,0,,,83,3.8,83,4.1,108,7.1,,,,,,,,,,,
2013-8-20 10:00:00,33.7,,34.3,32.9,,0,,,43,2.6,83,2.6,49,6.7,,,,,,,,,,,
2013-8-20 9:00:00,33.1,,33.2,31.5,,0,,,111,1.2,80,2.4,71,5.6,,,,,,,,,,,
2013-8-20 8:00:00,31.5,,31.5,28.7,,0,,,71,2.8,82,2.1,49,4.9,,,,,,,,,,,
2013-8-20 7:00:00,28.6,,28.6,27,,0,,,26,0.4,73,1.3,60,2.8,,,,,,,,,,,
2013-8-20 6:00:00,26.9,,26.9,26.7,,0,,,38,1.1,30,0.5,66,2.3,,,,,,,,,,,
2013-8-20 5:00:00,26.9,,27.2,26.9,,0,,,49,0.9,44,0.8,60,3.2,,,,,,,,,,,
2013-8-20 4:00:00,27.1,,27.2,27,,0,,,60,2.3,62,1.5,74,3,,,,,,,,,,,
2013-8-20 3:00:00,27.2,,27.4,27.2,,0,,,40,0.8,79,1.1,113,2.5,,,,,,,,,,,
2013-8-20 2:00:00,27.4,,27.5,27.3,,0,,,83,1.6,89,1.2,71,2.9,,,,,,,,,,,
2013-8-20 1:00:00,27.5,,27.8,27.5,,0,,,52,1.4,78,1,125,2.6,,,,,,,,,,,
2013-8-20 00:00:00,27.9,,28.3,27.9,,0,,,116,1.2,108,2.1,125,3.8,,,,,,,,,,,
2013-8-19 23:00:00,28.3,,28.5,28.3,,0,,,97,2,117,2,119,5.2,,,,,,,,,,,
2013-8-19 22:00:00,28.5,,28.6,28.5,,0,,,105,2.5,119,2.8,128,4.6,,,,,,,,,,,
2013-8-19 21:00:00,28.6,,29,28.6,,0,,,113,1.7,103,2,116,4.7,,,,,,,,,,,
2013-8-19 20:00:00,28.9,,29.2,28.9,,0,,,102,3.5,111,3.1,116,7.1,,,,,,,,,,,
2013-8-19 19:00:00,29.1,,29.4,29,,0,,,102,4.4,109,4,128,6.5,,,,,,,,,,,
2013-8-19 18:00:00,29.3,,29.3,28.9,,0,,,105,3.5,118,4.6,105,6,,,,,,,,,,,
2013-8-19 17:00:00,29.2,,31,28.3,,3.3,,,136,4.3,129,4.3,139,10.9,,,,,,,,,,,
2013-8-19 16:00:00,31,,33,31,,0,,,136,5,131,4.3,60,5.9,,,,,,,,,,,
2013-8-19 15:00:00,32.5,,33.2,31.3,,0,,,49,4.3,63,4.7,60,7,,,,,,,,,,,
2013-8-19 14:00:00,32.4,,34.4,32.4,,0.1,,,71,3,91,3.2,63,7.5,,,,,,,,,,,
2013-8-19 13:00:00,33.1,,34.1,32.3,,0,,,119,2.9,104,3.9,119,8.2,,,,,,,,,,,
2013-8-19 12:00:00,32.2,,32.2,29.8,,0,,,38,3.7,81,3.4,128,7.2,,,,,,,,,,,
2013-8-19 11:00:00,30.1,,31.5,30,,0.6,,,80,1.8,120,2.2,74,6.2,,,,,,,,,,,
2013-8-19 10:00:00,29.9,,32.3,29.3,,0.9,,,9,2.2,53,3.5,68,6.7,,,,,,,,,,,
2013-8-19 9:00:00,31.3,,31.5,29.4,,0,,,94,2.5,76,2.7,119,7.3,,,,,,,,,,,
2013-8-19 8:00:00,29.5,,29.5,28.2,,0,,,66,5.3,69,3.7,66,5.3,,,,,,,,,,,
2013-8-19 7:00:00,28.2,,28.3,27.9,,0.8,,,80,0,0,0,66,6,,,,,,,,,,,
2013-8-19 6:00:00,28.3,,28.3,27.8,,0,,,38,2,59,3.3,66,5.9,,,,,,,,,,,
2013-8-19 5:00:00,27.8,,27.8,27.1,,0,,,49,1.3,65,1.8,49,4.6,,,,,,,,,,,
2013-8-19 4:00:00,27.1,,27.1,26.9,,0,,,38,2,53,2.2,66,5,,,,,,,,,,,
2013-8-19 3:00:00,26.9,,27.1,26.9,,0,,,46,0,0,0,35,2.7,,,,,,,,,,,
2013-8-19 2:00:00,27.1,,27.1,26.9,,0,,,353,0,36,0.2,355,2.9,,,,,,,,,,,
2013-8-19 1:00:00,27,,27.3,27,,0,,,23,0,27,0.2,15,2.6,,,,,,,,,,,
2013-8-19 00:00:00,27.3,,27.5,27.3,,0,,,15,0.8,25,0.5,52,4.3,,,,,,,,,,,
2013-8-18 23:00:00,27.5,,27.6,27.4,,0,,,15,2.7,32,2,66,3.7,,,,,,,,,,,
2013-8-18 22:00:00,27.6,,28.5,27.6,,0.4,,,26,1.6,29,1.6,29,4.8,,,,,,,,,,,
2013-8-18 21:00:00,28.5,,29.1,28.5,,0,,,18,1.3,14,1.1,38,3.1,,,,,,,,,,,
2013-8-18 20:00:00,29.1,,30.1,29.1,,0,,,308,0.7,28,1.1,38,3.1,,,,,,,,,,,
2013-8-18 19:00:00,30.1,,31,30.1,,0,,,66,1.1,78,1,54,3.8,,,,,,,,,,,
2013-8-18 18:00:00,31,,31.7,31,,0,,,139,0.7,99,1.6,85,4.1,,,,,,,,,,,
2013-8-18 17:00:00,31.4,,31.5,31.1,,0,,,130,1.8,78,2.3,83,3.6,,,,,,,,,,,
2013-8-18 16:00:00,31.4,,31.6,31.3,,0,,,122,1.2,138,1.4,97,4.1,,,,,,,,,,,
2013-8-18 15:00:00,31.5,,32.2,31.5,,0,,,60,2.1,96,2.4,105,4.9,,,,,,,,,,,
2013-8-18 14:00:00,32.2,,32.3,31.2,,0,,,60,1.7,100,2,156,4.1,,,,,,,,,,,
2013-8-18 13:00:00,31.3,,31.5,31.2,,0,,,153,3.1,159,3.4,164,4.3,,,,,,,,,,,
2013-8-18 12:00:00,31.3,,31.6,31.2,,0,,,128,3.4,128,3.1,150,5.8,,,,,,,,,,,
2013-8-18 11:00:00,31.4,,31.4,30.4,,0,,,116,2.4,130,2.9,142,5.2,,,,,,,,,,,
2013-8-18 10:00:00,30.4,,30.4,30.2,,0,,,147,2.7,140,3.2,130,4.7,,,,,,,,,,,
2013-8-18 9:00:00,30.2,,31.1,30.1,,0,,,136,2.5,123,3.9,128,5.6,,,,,,,,,,,
2013-8-18 8:00:00,31,,31,28.1,,0,,,102,3.4,103,2.8,108,5.2,,,,,,,,,,,
2013-8-18 7:00:00,28.1,,28.1,27.2,,0,,,139,3.6,127,2.9,108,4.2,,,,,,,,,,,
2013-8-18 6:00:00,27.2,,27.2,26.9,,0,,,128,2.2,129,2.5,133,3.6,,,,,,,,,,,
2013-8-18 5:00:00,26.9,,26.9,26.7,,0,,,125,1.7,117,1.8,128,3.7,,,,,,,,,,,
2013-8-18 4:00:00,26.7,,26.9,26.7,,0,,,116,1.4,111,1.7,116,3.7,,,,,,,,,,,
2013-8-18 3:00:00,26.9,,27.1,26.9,,0,,,111,2.3,119,1.9,113,4,,,,,,,,,,,
2013-8-18 2:00:00,27.1,,27.4,27.1,,0,,,105,2.7,114,2.4,105,4.7,,,,,,,,,,,
2013-8-18 1:00:00,27.4,,27.6,27.4,,0,,,125,3.3,127,2.6,136,5.6,,,,,,,,,,,
2013-8-18 00:00:00,27.6,,27.9,27.6,,0,,,119,5.3,129,3.3,128,5.9,,,,,,,,,,,
2013-8-17 23:00:00,27.9,,28.3,27.9,,0,,,119,3.9,120,3.7,122,5.9,,,,,,,,,,,
2013-8-17 22:00:00,28.3,,28.8,28.3,,0,,,136,3.5,125,2.8,136,5.8,,,,,,,,,,,
2013-8-17 21:00:00,28.8,,29.3,28.8,,0,,,113,3.2,132,4.4,122,7.4,,,,,,,,,,,
2013-8-17 20:00:00,29.3,,30.1,29.3,,0,,,139,5.7,132,5.2,133,8.9,,,,,,,,,,,
2013-8-17 19:00:00,30.1,,31.4,30.1,,0,,,139,7.2,134,6,142,8.4,,,,,,,,,,,
2013-8-17 18:00:00,31.5,,33,31.5,,0,,,128,5.6,130,5.7,136,8.2,,,,,,,,,,,
2013-8-17 17:00:00,32.9,,33.8,32.9,,0,,,161,3.7,137,4.5,139,7.7,,,,,,,,,,,
2013-8-17 16:00:00,33.7,,34.6,33.7,,0,,,144,5.4,143,5.2,142,7.8,,,,,,,,,,,
2013-8-17 15:00:00,34.7,,35.2,34.2,,0,,,142,3.2,138,4.7,125,7.7,,,,,,,,,,,
2013-8-17 14:00:00,35,,35,33.7,,0,,,125,4.3,108,3.4,150,8.8,,,,,,,,,,,
2013-8-17 13:00:00,33.8,,34.2,33.1,,0,,,144,4.1,149,4.4,139,6.5,,,,,,,,,,,
2013-8-17 12:00:00,33.7,,33.8,32.8,,0,,,156,3.3,154,4.1,156,6.4,,,,,,,,,,,
2013-8-17 11:00:00,33,,33.2,32.5,,0,,,161,5.5,152,4.8,142,6.4,,,,,,,,,,,
2013-8-17 10:00:00,32.7,,32.7,31.6,,0,,,150,4.9,136,4.1,142,6.2,,,,,,,,,,,
2013-8-17 9:00:00,31.7,,31.7,30.5,,0,,,184,4,182,3.9,150,6.4,,,,,,,,,,,
2013-8-17 8:00:00,30.4,,30.4,28.9,,0,,,150,3.9,154,4.6,147,7,,,,,,,,,,,
2013-8-17 7:00:00,28.9,,28.9,27.7,,0,,,128,3.7,144,3.3,142,5.2,,,,,,,,,,,
2013-8-17 6:00:00,27.7,,27.7,27.5,,0,,,147,3.4,147,3.4,139,4.8,,,,,,,,,,,
2013-8-17 5:00:00,27.7,,27.8,27.7,,0,,,147,3.1,144,3.5,147,4.9,,,,,,,,,,,
2013-8-17 4:00:00,27.8,,28,27.8,,0,,,139,2.4,144,2.9,133,4.6,,,,,,,,,,,
2013-8-17 3:00:00,28,,28.4,28,,0,,,150,4.1,149,3.7,142,6.2,,,,,,,,,,,
2013-8-17 2:00:00,28.4,,28.5,28.4,,0,,,167,5.3,144,4.8,144,7.3,,,,,,,,,,,
2013-8-17 1:00:00,28.4,,28.5,28.4,,0,,,142,5.4,145,5.1,133,7.8,,,,,,,,,,,
2013-8-17 00:00:00,28.5,,28.6,28.5,,0,,,147,5.6,143,4.8,128,8.1,,,,,,,,,,,
2013-8-16 23:00:00,28.6,,29.1,28.5,,0,,,116,6.5,138,5.7,139,8.5,,,,,,,,,,,
2013-8-16 22:00:00,29,,29.5,29,,0,,,128,5,131,5.4,133,9.2,,,,,,,,,,,
2013-8-16 21:00:00,29.5,,29.6,29.3,,0,,,119,4.6,133,6.1,122,8.6,,,,,,,,,,,
2013-8-16 20:00:00,29.6,,30,29.6,,0,,,133,5.3,127,5.6,136,8.3,,,,,,,,,,,
2013-8-16 19:00:00,30,,31.1,30,,0,,,119,4.4,120,4.1,139,9.4,,,,,,,,,,,
2013-8-16 18:00:00,31,,32.7,31,,0,,,128,7.4,129,6.1,133,9.7,,,,,,,,,,,
2013-8-16 17:00:00,32.6,,33.8,32.5,,0,,,83,3.1,125,4.7,128,9.2,,,,,,,,,,,
2013-8-16 16:00:00,33.8,,34.3,33.6,,0,,,136,4.9,137,5.4,139,8.8,,,,,,,,,,,
2013-8-16 15:00:00,34.1,,34.3,33.7,,0,,,144,5.4,137,5.3,167,9.1,,,,,,,,,,,
2013-8-16 14:00:00,34,,34.3,33.5,,0,,,142,4.7,139,6,167,8.3,,,,,,,,,,,
2013-8-16 13:00:00,33.9,,33.9,32.9,,0,,,139,5.2,142,4.9,150,8,,,,,,,,,,,
2013-8-16 12:00:00,33.3,,33.3,32,,0,,,136,4.1,139,4.4,150,7.9,,,,,,,,,,,
2013-8-16 11:00:00,32.2,,32.6,31.8,,0,,,173,4.7,155,5.2,156,8.5,,,,,,,,,,,
2013-8-16 10:00:00,31.9,,32,31.1,,0,,,164,6.2,163,5.8,161,7.5,,,,,,,,,,,
2013-8-16 9:00:00,31.2,,31.2,30.2,,0,,,142,5,138,5.2,139,8,,,,,,,,,,,
2013-8-16 8:00:00,30.2,,30.2,29,,0,,,150,4.6,139,5,128,8.8,,,,,,,,,,,
2013-8-16 7:00:00,29,,29,28,,0,,,139,4.6,140,4.5,139,6.6,,,,,,,,,,,
2013-8-16 6:00:00,28,,28.1,27.9,,0,,,144,3.1,139,3.9,147,5.4,,,,,,,,,,,
2013-8-16 5:00:00,28.1,,28.3,28.1,,0,,,150,3.7,142,4.2,147,5.4,,,,,,,,,,,
2013-8-16 4:00:00,28.1,,28.2,28,,0,,,156,3.2,140,3.2,144,5,,,,,,,,,,,
2013-8-16 3:00:00,28.2,,28.6,28.2,,0,,,116,3.5,129,3,128,5.5,,,,,,,,,,,
2013-8-16 2:00:00,28.6,,28.8,28.6,,0,,,139,3.4,144,3.9,139,6.8,,,,,,,,,,,
2013-8-16 1:00:00,28.8,,29,28.7,,0,,,150,5.6,145,5.2,142,8.5,,,,,,,,,,,
2013-8-16 00:00:00,29,,29.2,29,,0,,,142,5.6,140,6,150,8.2,,,,,,,,,,,
2013-8-15 23:00:00,29.1,,29.3,29.1,,0,,,125,5,138,4.8,150,8.6,,,,,,,,,,,
2013-8-15 22:00:00,29.3,,29.6,29.2,,0,,,125,3.9,133,4.4,128,8.9,,,,,,,,,,,
2013-8-15 21:00:00,29.6,,30,29.6,,0,,,122,4.5,132,4.6,139,9.6,,,,,,,,,,,
2013-8-15 20:00:00,29.9,,30.3,29.9,,0,,,128,5.4,137,4.3,139,9.8,,,,,,,,,,,
2013-8-15 19:00:00,30.3,,31,30.3,,0,,,122,5,130,4.6,139,8.3,,,,,,,,,,,
2013-8-15 18:00:00,31,,31.8,30.9,,0,,,97,3.8,133,5.4,130,8.9,,,,,,,,,,,
2013-8-15 17:00:00,31.8,,32.9,31.8,,0,,,113,3.2,129,4.1,144,8.1,,,,,,,,,,,
2013-8-15 16:00:00,32.9,,34.3,32.9,,0,,,147,6.2,142,5.4,119,8.8,,,,,,,,,,,
2013-8-15 15:00:00,34,,34.2,33.8,,0,,,144,5.9,138,4.7,128,9.1,,,,,,,,,,,
2013-8-15 14:00:00,34,,34.1,33.5,,0,,,133,5,135,5.3,150,8.7,,,,,,,,,,,
2013-8-15 13:00:00,33.7,,34.2,33.5,,0,,,150,5,143,5.2,153,9.7,,,,,,,,,,,
2013-8-15 12:00:00,33.8,,33.8,32.7,,0,,,144,6.2,140,5.4,136,9.2,,,,,,,,,,,
2013-8-15 11:00:00,33,,33.3,32.2,,0,,,170,4.7,179,4.5,167,7.4,,,,,,,,,,,
2013-8-15 10:00:00,32.4,,32.5,31.6,,0,,,161,4.6,164,4.5,161,8.5,,,,,,,,,,,
2013-8-15 9:00:00,31.6,,31.9,30.9,,0,,,156,5.1,163,4.6,133,7.4,,,,,,,,,,,
2013-8-15 8:00:00,31.1,,31.1,29.5,,0,,,156,6.2,162,6.1,142,8.4,,,,,,,,,,,
2013-8-15 7:00:00,29.4,,29.5,28.2,,0,,,150,5,146,5.2,139,7,,,,,,,,,,,
2013-8-15 6:00:00,28.3,,28.3,28,,0,,,153,3.9,148,4,153,5.1,,,,,,,,,,,
2013-8-15 5:00:00,28.3,,28.4,28.2,,0,,,153,3.5,143,3.9,142,4.9,,,,,,,,,,,
2013-8-15 4:00:00,28.4,,28.7,28.4,,0,,,125,3.3,137,3.3,139,4.8,,,,,,,,,,,
2013-8-15 3:00:00,28.7,,29.1,28.7,,0,,,142,3.1,142,3.3,139,5.5,,,,,,,,,,,
2013-8-15 2:00:00,29.1,,29.6,29.1,,0,,,133,3.9,144,3.7,142,6.4,,,,,,,,,,,
2013-8-15 1:00:00,29.5,,29.9,29.5,,0,,,144,5.5,153,5.2,142,7.7,,,,,,,,,,,
2013-8-15 00:00:00,29.8,,30,29.8,,0,,,147,5.4,147,5.3,144,7.1,,,,,,,,,,,
2013-8-14 23:00:00,30,,30.1,29.9,,0,,,156,5.3,148,5,128,8,,,,,,,,,,,
2013-8-14 22:00:00,30,,30.2,30,,0,,,99,4.1,138,5.6,147,9.3,,,,,,,,,,,
2013-8-14 21:00:00,30.1,,30.4,30.1,,0,,,142,4.3,141,6.9,144,9.2,,,,,,,,,,,
2013-8-14 20:00:00,30.4,,30.8,30.4,,0,,,139,5.5,140,6.7,128,9.7,,,,,,,,,,,
2013-8-14 19:00:00,30.8,,31.8,30.8,,0,,,142,4.2,134,4.8,142,11.4,,,,,,,,,,,
2013-8-14 18:00:00,31.7,,32.7,31.7,,0,,,136,8.5,141,7.3,144,9.8,,,,,,,,,,,
2013-8-14 17:00:00,32.7,,33.4,32.7,,0,,,130,6.7,146,7.4,150,10.4,,,,,,,,,,,
2013-8-14 16:00:00,33.4,,33.8,33.1,,0,,,136,5.3,137,7.6,150,10.6,,,,,,,,,,,
2013-8-14 15:00:00,33.6,,33.9,33.4,,0,,,150,6,136,7,136,9.8,,,,,,,,,,,
2013-8-14 14:00:00,33.6,,34,33.3,,0,,,130,6.9,137,6.5,139,8.3,,,,,,,,,,,
2013-8-14 13:00:00,33.8,,34.2,33.4,,0,,,184,4.3,176,5.5,170,9.2,,,,,,,,,,,
2013-8-14 12:00:00,33.4,,33.7,33,,0,,,173,6.2,167,5.5,156,9.4,,,,,,,,,,,
2013-8-14 11:00:00,33,,33.1,32.5,,0,,,161,7.1,154,5.9,150,9.2,,,,,,,,,,,
2013-8-14 10:00:00,32.6,,32.6,31.9,,0,,,156,7,157,6.5,144,8.2,,,,,,,,,,,
2013-8-14 9:00:00,32,,32,31,,0,,,187,4,158,4.5,144,7.6,,,,,,,,,,,
2013-8-14 8:00:00,31.1,,31.2,30,,0,,,156,5.9,161,6.3,139,7.9,,,,,,,,,,,
2013-8-14 7:00:00,30,,30,28.7,,0,,,150,4.7,151,4.6,164,6.8,,,,,,,,,,,
2013-8-14 6:00:00,28.7,,28.8,28.5,,0,,,161,2.9,148,3.5,156,4.5,,,,,,,,,,,
2013-8-14 5:00:00,28.8,,29.1,28.7,,0,,,150,3,157,3.5,150,5.6,,,,,,,,,,,
2013-8-14 4:00:00,29.1,,29.3,29,,0,,,164,5,161,4.3,156,6.2,,,,,,,,,,,
2013-8-14 3:00:00,29.2,,29.6,29.2,,0,,,144,5.3,152,4.7,150,7.3,,,,,,,,,,,
2013-8-14 2:00:00,29.5,,29.8,29.5,,0,,,150,5.6,151,5.7,161,8.5,,,,,,,,,,,
2013-8-14 1:00:00,29.8,,29.9,29.7,,0,,,144,4.7,150,5.3,142,9.4,,,,,,,,,,,
2013-8-14 00:00:00,29.9,,30,29.8,,0,,,150,7.2,146,6.7,142,8.8,,,,,,,,,,,
2013-8-13 23:00:00,29.9,,30.1,29.8,,0,,,136,7,142,5.9,150,9.8,,,,,,,,,,,
2013-8-13 22:00:00,30,,30.1,29.9,,0,,,142,7.2,142,7.1,142,10.3,,,,,,,,,,,
2013-8-13 21:00:00,30.1,,30.4,30,,0,,,147,6.2,142,6.9,136,9.8,,,,,,,,,,,
2013-8-13 20:00:00,30.3,,31,30.3,,0,,,156,6.3,138,6.1,139,11.2,,,,,,,,,,,
2013-8-13 19:00:00,31,,31.9,31,,0,,,128,5.8,141,5.6,122,12.5,,,,,,,,,,,
2013-8-13 18:00:00,31.8,,32.8,31.8,,0,,,108,6,137,8.2,130,11.9,,,,,,,,,,,
2013-8-13 17:00:00,32.8,,33.2,32.6,,0,,,139,6.5,141,6.6,136,10.8,,,,,,,,,,,
2013-8-13 16:00:00,33.2,,34,33.2,,0,,,150,5.3,143,7.5,133,10.1,,,,,,,,,,,
2013-8-13 15:00:00,33.7,,34.2,33.6,,0,,,167,6.9,156,7.4,170,9.7,,,,,,,,,,,
2013-8-13 14:00:00,34.2,,34.6,34,,0,,,161,6.8,142,7.2,139,8.9,,,,,,,,,,,
2013-8-13 13:00:00,34.2,,34.3,33.2,,0,,,170,5.5,178,5.7,156,9.4,,,,,,,,,,,
2013-8-13 12:00:00,33.4,,33.4,32.9,,0,,,150,6.4,161,6.1,164,8.6,,,,,,,,,,,
2013-8-13 11:00:00,33,,33,32.1,,0,,,153,4.9,164,5.1,128,7.7,,,,,,,,,,,
2013-8-13 10:00:00,32.2,,32.2,31.3,,0,,,173,5.3,173,6,170,8.4,,,,,,,,,,,
2013-8-13 9:00:00,31.3,,31.5,30.7,,0,,,178,4.5,160,5.9,153,8.8,,,,,,,,,,,
2013-8-13 8:00:00,30.7,,30.7,29.5,,0,,,175,5.8,161,7.3,161,8.9,,,,,,,,,,,
2013-8-13 7:00:00,29.5,,29.5,28.2,,0,,,156,5.3,149,4.9,150,6.4,,,,,,,,,,,
2013-8-13 6:00:00,28.2,,28.2,28,,0,,,144,3.9,147,3.4,150,4.7,,,,,,,,,,,
2013-8-13 5:00:00,28.2,,28.4,28.1,,0,,,147,2.9,149,3.1,153,5.5,,,,,,,,,,,
2013-8-13 4:00:00,28.3,,28.6,28.3,,0,,,142,2.6,144,3.7,147,6.7,,,,,,,,,,,
2013-8-13 3:00:00,28.6,,28.7,28.6,,0,,,147,5.4,149,4.6,139,6.2,,,,,,,,,,,
2013-8-13 2:00:00,28.7,,29,28.7,,0,,,150,4,147,4.1,139,7,,,,,,,,,,,
2013-8-13 1:00:00,29,,29.1,28.9,,0,,,150,4.6,144,4.1,142,7.3,,,,,,,,,,,
2013-8-13 00:00:00,29.1,,29.2,29.1,,0,,,147,6.2,142,5.1,139,8.3,,,,,,,,,,,
2013-8-12 23:00:00,29.2,,29.4,29.1,,0,,,144,5.9,142,5.8,128,9.2,,,,,,,,,,,
2013-8-12 22:00:00,29.2,,29.7,29.2,,0,,,119,5.8,133,5.9,142,9.5,,,,,,,,,,,
2013-8-12 21:00:00,29.7,,30.1,29.7,,0,,,128,6.7,134,5.5,139,8.5,,,,,,,,,,,
2013-8-12 20:00:00,30.2,,30.8,30.1,,0,,,133,3.7,129,3.5,128,7.7,,,,,,,,,,,
2013-8-12 19:00:00,30.9,,32.3,30.9,,0,,,136,4.9,120,3.7,125,7.5,,,,,,,,,,,
2013-8-12 18:00:00,32.3,,33.7,32.3,,0,,,119,3.7,132,4.2,144,8.4,,,,,,,,,,,
2013-8-12 17:00:00,33.7,,35.2,33.7,,0,,,113,4.1,132,5.1,150,8.3,,,,,,,,,,,
2013-8-12 16:00:00,35.1,,35.8,35,,0,,,133,5.8,136,4.9,139,8.2,,,,,,,,,,,
2013-8-12 15:00:00,35.5,,36,35.3,,0,,,128,4.7,140,4.6,150,6.7,,,,,,,,,,,
2013-8-12 14:00:00,35.8,,35.9,35,,0,,,128,4.3,135,4,144,6.9,,,,,,,,,,,
2013-8-12 13:00:00,35,,35.2,34.3,,0,,,173,3.5,169,4.4,128,7.2,,,,,,,,,,,
2013-8-12 12:00:00,34.2,,34.2,33.4,,0,,,170,4.6,169,5,170,6.9,,,,,,,,,,,
2013-8-12 11:00:00,33.4,,33.5,32.6,,0,,,178,5.1,168,4.6,156,7.1,,,,,,,,,,,
2013-8-12 10:00:00,32.7,,32.8,31.8,,0,,,178,4.7,166,5,170,7.1,,,,,,,,,,,
2013-8-12 9:00:00,31.9,,31.9,30.6,,0,,,187,4.3,186,3.9,161,7.1,,,,,,,,,,,
2013-8-12 8:00:00,30.6,,30.7,29.4,,0,,,161,4.3,167,4.3,153,6.2,,,,,,,,,,,
2013-8-12 7:00:00,29.4,,29.4,28.1,,0,,,156,3.8,168,4.1,170,5.4,,,,,,,,,,,
2013-8-12 6:00:00,28.1,,28.2,28,,0,,,147,3.6,146,3.6,139,4.7,,,,,,,,,,,
2013-8-12 5:00:00,28.2,,28.5,28.2,,0,,,150,3.7,146,3.4,133,4.5,,,,,,,,,,,
2013-8-12 4:00:00,28.5,,28.8,28.5,,0,,,133,3,146,3.5,136,4.6,,,,,,,,,,,
2013-8-12 3:00:00,28.7,,28.8,28.6,,0,,,142,3.6,148,3.7,139,6.2,,,,,,,,,,,
2013-8-12 2:00:00,28.7,,29.2,28.7,,0,,,153,3.8,145,3.8,156,6.4,,,,,,,,,,,
2013-8-12 1:00:00,29.2,,29.4,29.1,,0,,,142,4.5,146,4.5,144,7,,,,,,,,,,,
2013-8-12 00:00:00,29.2,,29.3,29.2,,0,,,128,3.4,137,3.6,139,6.7,,,,,,,,,,,
2013-8-11 23:00:00,29.3,,29.8,29.3,,0,,,128,4,129,4.2,111,5.9,,,,,,,,,,,
2013-8-11 22:00:00,29.8,,30.5,29.8,,0,,,125,3.2,127,3.3,139,5.6,,,,,,,,,,,
2013-8-11 21:00:00,30.4,,31.3,30.4,,0,,,136,3.5,134,2.9,113,5.3,,,,,,,,,,,
2013-8-11 20:00:00,31.3,,31.8,31.2,,0,,,130,2.6,144,2.9,122,4.6,,,,,,,,,,,
2013-8-11 19:00:00,31.8,,32.9,31.8,,0,,,122,3.4,138,3.1,142,7,,,,,,,,,,,
2013-8-11 18:00:00,32.9,,34,32.9,,0,,,136,4.7,132,4.4,128,8.5,,,,,,,,,,,
2013-8-11 17:00:00,34,,35.7,34,,0,,,136,4,127,4.3,128,7.8,,,,,,,,,,,
2013-8-11 16:00:00,35.7,,36.8,35.7,,0,,,128,5.8,117,4.8,139,7.3,,,,,,,,,,,
2013-8-11 15:00:00,36.7,,37.7,36.7,,0,,,144,6,141,5.3,105,7,,,,,,,,,,,
2013-8-11 14:00:00,37.7,,38.4,37.6,,0,,,161,3.4,177,3.7,167,5.1,,,,,,,,,,,
2013-8-11 13:00:00,38,,38.2,37.3,,0,,,187,2.1,175,1.8,164,3.1,,,,,,,,,,,
2013-8-11 12:00:00,37.3,,37.3,36.2,,0,,,206,1.5,204,1.4,161,3,,,,,,,,,,,
2013-8-11 11:00:00,36.4,,36.4,35,,0,,,198,1.1,237,1.3,164,3.8,,,,,,,,,,,
2013-8-11 10:00:00,35,,35.1,33.8,,0,,,201,1.3,189,1.7,184,3.8,,,,,,,,,,,
2013-8-11 9:00:00,33.8,,33.8,31.5,,0,,,187,2.8,197,2.2,175,3.7,,,,,,,,,,,
2013-8-11 8:00:00,31.5,,31.5,30.4,,0,,,161,2.9,146,2.7,136,4.3,,,,,,,,,,,
2013-8-11 7:00:00,30.3,,30.3,29.2,,0,,,125,1.7,132,2.2,128,3.4,,,,,,,,,,,
2013-8-11 6:00:00,29.2,,29.2,28.9,,0,,,128,2.4,126,2.3,144,3.6,,,,,,,,,,,
2013-8-11 5:00:00,29,,29.1,28.9,,0,,,130,2.6,131,2.3,122,3.8,,,,,,,,,,,
2013-8-11 4:00:00,29,,29.2,28.9,,0,,,130,2.5,124,2.5,128,3.4,,,,,,,,,,,
2013-8-11 3:00:00,29.1,,29.3,29.1,,0,,,128,1.6,121,2.1,119,4.6,,,,,,,,,,,
2013-8-11 2:00:00,29.2,,29.4,29.2,,0,,,119,1.5,126,2.2,128,4.5,,,,,,,,,,,
2013-8-11 1:00:00,29.4,,29.6,29.4,,0,,,128,3.5,132,3,150,4.6,,,,,,,,,,,
2013-8-11 00:00:00,29.6,,30.1,29.6,,0,,,130,2,116,2.1,122,5.2,,,,,,,,,,,
2013-8-10 23:00:00,30.1,,30.6,30.1,,0,,,128,4.6,127,3.8,133,5.6,,,,,,,,,,,
2013-8-10 22:00:00,30.6,,31.4,30.5,,0,,,142,2.5,131,3.1,136,5.1,,,,,,,,,,,
2013-8-10 21:00:00,31.3,,31.9,31.1,,0,,,128,3.8,147,4,150,5.9,,,,,,,,,,,
2013-8-10 20:00:00,31.9,,33,31.9,,0,,,139,4.4,135,4.2,136,5.3,,,,,,,,,,,
2013-8-10 19:00:00,33,,34.5,33,,0,,,130,2.5,131,2.9,128,5.8,,,,,,,,,,,
2013-8-10 18:00:00,34.5,,36.5,34.5,,0,,,128,3.4,136,3.5,144,6,,,,,,,,,,,
2013-8-10 17:00:00,36.5,,37.6,36.5,,0,,,128,4,134,3.7,142,6,,,,,,,,,,,
2013-8-10 16:00:00,37.5,,38.2,37.5,,0,,,128,4,135,3.3,133,6.7,,,,,,,,,,,
2013-8-10 15:00:00,38.2,,38.8,37.9,,0,,,156,4.6,148,4.6,150,6.5,,,,,,,,,,,
2013-8-10 14:00:00,38.6,,38.8,38.5,,0,,,161,3.5,167,3.6,170,5.6,,,,,,,,,,,
2013-8-10 13:00:00,38.5,,38.6,37.5,,0,,,173,1.6,241,0.8,170,3.2,,,,,,,,,,,
2013-8-10 12:00:00,37.5,,37.7,36.6,,0,,,167,2.5,153,2.8,144,4.1,,,,,,,,,,,
2013-8-10 11:00:00,36.7,,36.7,35.7,,0,,,175,3,175,3.2,178,4.4,,,,,,,,,,,
2013-8-10 10:00:00,35.8,,35.8,34.4,,0,,,251,2.3,236,2.4,178,4.6,,,,,,,,,,,
2013-8-10 9:00:00,34.4,,34.6,33.3,,0,,,243,2.2,218,2.8,243,4.6,,,,,,,,,,,
2013-8-10 8:00:00,33.3,,33.3,32.1,,0,,,229,2.7,197,2.4,178,4.3,,,,,,,,,,,
2013-8-10 7:00:00,32.1,,32.1,30.6,,0,,,175,3.2,175,3.3,161,5.1,,,,,,,,,,,
2013-8-10 6:00:00,30.5,,30.7,30.4,,0,,,164,2,163,2.3,144,3.7,,,,,,,,,,,
2013-8-10 5:00:00,30.6,,30.8,30.5,,0,,,173,2.8,160,2.7,139,4.4,,,,,,,,,,,
2013-8-10 4:00:00,30.8,,31.2,30.7,,0,,,144,2.9,144,3.3,139,4.4,,,,,,,,,,,
2013-8-10 3:00:00,31.2,,31.5,31.2,,0,,,142,2.5,150,2.7,133,4.4,,,,,,,,,,,
2013-8-10 2:00:00,31.4,,31.7,31.4,,0,,,142,3.2,144,3.7,139,4.9,,,,,,,,,,,
2013-8-10 1:00:00,31.7,,31.9,31.7,,0,,,150,3.1,149,2.9,150,3.5,,,,,,,,,,,
2013-8-10 00:00:00,31.9,,32.1,31.9,,0,,,147,2.4,128,2.2,144,3.7,,,,,,,,,,,
2013-8-9 23:00:00,32.2,,32.3,32.1,,0,,,150,1.8,132,1.9,156,2.9,,,,,,,,,,,
2013-8-9 22:00:00,32.2,,32.4,32.2,,0,,,125,2.2,133,2.3,99,4,,,,,,,,,,,
2013-8-9 21:00:00,32.4,,33.4,32.4,,0,,,128,2,127,2.6,136,4.5,,,,,,,,,,,
2013-8-9 20:00:00,33.3,,34.2,33.3,,0,,,153,3.5,143,3,142,5.7,,,,,,,,,,,
2013-8-9 19:00:00,34.2,,37.3,34.2,,0,,,139,4.6,136,3.8,128,6,,,,,,,,,,,
2013-8-9 18:00:00,37.2,,39.2,37.2,,0,,,105,0,0,0,313,1.2,,,,,,,,,,,
2013-8-9 17:00:00,39.2,,40,39.2,,0,,,282,1,295,1,291,2.3,,,,,,,,,,,
2013-8-9 16:00:00,39.8,,40.3,39.6,,0,,,308,1,326,0.5,322,3.4,,,,,,,,,,,
2013-8-9 15:00:00,39.9,,40.3,39.6,,0,,,319,1.7,273,1.5,319,3.1,,,,,,,,,,,
2013-8-9 14:00:00,40.2,,40.2,39,,0,,,322,2.2,321,2.4,308,3.5,,,,,,,,,,,
2013-8-9 13:00:00,39,,39,38,,0,,,316,2.3,319,2,327,3.9,,,,,,,,,,,
2013-8-9 12:00:00,38,,38,37.2,,0,,,324,1.8,324,2.5,316,4.6,,,,,,,,,,,
2013-8-9 11:00:00,37.3,,37.9,36.3,,0,,,336,1.9,319,2.9,305,4,,,,,,,,,,,
2013-8-9 10:00:00,36.5,,36.9,35,,0,,,308,1.8,299,2,282,2.6,,,,,,,,,,,
2013-8-9 9:00:00,35,,35.1,33.5,,0,,,234,0,0,0,178,0.5,,,,,,,,,,,
2013-8-9 8:00:00,33.4,,33.4,31.6,,0,,,175,0.4,142,0.1,170,0.5,,,,,,,,,,,
2013-8-9 7:00:00,31.6,,31.6,30.3,,0,,,187,0,0,0,133,0.5,,,,,,,,,,,
2013-8-9 6:00:00,30.3,,30.6,30.3,,0,,,156,0,0,0,133,0.5,,,,,,,,,,,
2013-8-9 5:00:00,30.5,,30.6,30.1,,0,,,133,0.4,134,0.1,122,0.5,,,,,,,,,,,
2013-8-9 4:00:00,30.1,,30.2,29.8,,0,,,83,0,0,0,94,0.5,,,,,,,,,,,
2013-8-9 3:00:00,30,,30.9,30,,0,,,108,0,0,0,83,0.5,,,,,,,,,,,
2013-8-9 2:00:00,30.9,,31.5,30.9,,0,,,38,0,0,0,147,2.5,,,,,,,,,,,
2013-8-9 1:00:00,31.5,,31.7,31.1,,0,,,133,1.7,138,1.7,111,2.3,,,,,,,,,,,
2013-8-9 00:00:00,31.7,,32.2,31.6,,0,,,119,1.7,130,1.3,139,1.9,,,,,,,,,,,
2013-8-8 23:00:00,32.3,,32.9,32.3,,0,,,156,1.7,150,1.6,133,2.3,,,,,,,,,,,
2013-8-8 22:00:00,32.8,,34.1,32.8,,0,,,161,2,159,2,164,4.1,,,,,,,,,,,
2013-8-8 21:00:00,34.1,,34.2,32.7,,0,,,164,3.2,168,3.3,178,4.3,,,,,,,,,,,
2013-8-8 20:00:00,32.7,,34.1,32.7,,0,,,175,0,0,0,229,1.3,,,,,,,,,,,
2013-8-8 19:00:00,34.2,,37.6,33.9,,0,,,226,1.1,220,0.9,201,1.4,,,,,,,,,,,
2013-8-8 18:00:00,37.6,,39.1,37.6,,0,,,150,0.7,142,1.1,319,1.7,,,,,,,,,,,
2013-8-8 17:00:00,39.2,,39.6,39.1,,0,,,274,1.1,298,1.3,246,2.9,,,,,,,,,,,
2013-8-8 16:00:00,39.2,,39.7,39.1,,0,,,265,2.3,298,1.7,319,4.3,,,,,,,,,,,
2013-8-8 15:00:00,39.6,,39.6,38.7,,0,,,296,2.9,321,2.7,322,5.5,,,,,,,,,,,
2013-8-8 14:00:00,39.1,,39.3,38.5,,0,,,296,4.6,313,4.2,316,6.7,,,,,,,,,,,
2013-8-8 13:00:00,38.4,,38.8,37.9,,0,,,308,2.9,298,3.1,296,7,,,,,,,,,,,
2013-8-8 12:00:00,38.1,,38.6,37.1,,0,,,285,2.2,302,3.5,316,6,,,,,,,,,,,
2013-8-8 00:00:00,31.9,,32,31.8,,0,,,175,2.7,174,2.8,173,3.9,,,,,,,,,,,
2013-8-7 23:00:00,31.8,,32,31.7,,0,,,161,2.8,157,2.9,164,4,,,,,,,,,,,
2013-8-7 22:00:00,31.8,,32.3,31.8,,0,,,139,1.9,137,2.1,139,4.7,,,,,,,,,,,
2013-8-7 21:00:00,32.4,,33.4,32.3,,0,,,125,3,129,2.7,125,5.3,,,,,,,,,,,
2013-8-7 20:00:00,33.4,,34.6,33.4,,0,,,125,2.4,139,3.7,139,8.7,,,,,,,,,,,
2013-8-7 19:00:00,34.3,,35.9,34.3,,0,,,142,5.8,135,5.4,139,8.5,,,,,,,,,,,
2013-8-7 18:00:00,35.9,,39.3,35.9,,0,,,142,6.6,132,5.5,130,7.6,,,,,,,,,,,
2013-8-7 17:00:00,39.3,,39.9,39.3,,0,,,164,1.4,162,1.5,150,2.6,,,,,,,,,,,
2013-8-7 16:00:00,39.7,,40.3,39.4,,0,,,226,1,236,0.7,119,2.8,,,,,,,,,,,
2013-8-7 15:00:00,40.5,,41,39.9,,0,,,341,1.4,314,1.8,322,3.1,,,,,,,,,,,
2013-8-7 14:00:00,40.9,,41,39.1,,0,,,296,0.9,319,2.2,313,3.9,,,,,,,,,,,
2013-8-7 13:00:00,39.3,,39.4,38.6,,0,,,310,2.5,327,2,322,5.1,,,,,,,,,,,
2013-8-7 12:00:00,38.5,,38.7,37.9,,0,,,330,3,326,3.5,308,5.5,,,,,,,,,,,
2013-8-7 11:00:00,37.9,,38.1,37.2,,0,,,330,2.6,311,3.7,316,5.4,,,,,,,,,,,
2013-8-7 10:00:00,37.3,,37.5,35.4,,0,,,293,3.5,291,3.2,285,4.7,,,,,,,,,,,
2013-8-7 9:00:00,35.3,,35.4,33.8,,0,,,263,2.2,259,2.2,268,4.6,,,,,,,,,,,
2013-8-7 8:00:00,33.8,,33.8,31.2,,0,,,251,2,261,2.4,263,3.9,,,,,,,,,,,
2013-8-7 7:00:00,31.2,,31.2,29.5,,0,,,226,0,0,0,291,1.1,,,,,,,,,,,
2013-8-7 6:00:00,29.7,,30,29.6,,0,,,282,0,0,0,296,1.4,,,,,,,,,,,
2013-8-7 5:00:00,30,,30.4,29.9,,0,,,234,0,0,0,173,2.8,,,,,,,,,,,
2013-8-7 4:00:00,30.3,,30.3,30,,0,,,156,2.6,157,2.4,156,3.2,,,,,,,,,,,
2013-8-7 3:00:00,30.2,,30.4,30.2,,0,,,164,1.9,156,2.1,170,2.8,,,,,,,,,,,
2013-8-7 2:00:00,30.3,,30.6,30.3,,0,,,161,1.9,146,2.1,147,4,,,,,,,,,,,
2013-8-7 1:00:00,30.6,,30.9,30.5,,0,,,150,2.8,142,3.2,139,4.7,,,,,,,,,,,
2013-8-7 00:00:00,30.9,,31.2,30.9,,0,,,139,3.9,142,3.4,133,4.7,,,,,,,,,,,
2013-8-6 23:00:00,31.2,,32,31.2,,0,,,130,2.9,130,2.7,164,3.9,,,,,,,,,,,
2013-8-6 22:00:00,31.8,,32.8,31.8,,0,,,139,2.9,134,2.3,142,3.9,,,,,,,,,,,
2013-8-6 21:00:00,32.8,,33,32.8,,0,,,156,2.9,140,3.2,142,5,,,,,,,,,,,
2013-8-6 20:00:00,33,,34,33,,0,,,144,3.5,144,4,150,6.7,,,,,,,,,,,
2013-8-6 19:00:00,34,,35.6,34,,0,,,150,3.8,142,4.1,136,6.8,,,,,,,,,,,
2013-8-6 18:00:00,35.7,,38,35.7,,0,,,147,4.8,147,5.3,150,7.5,,,,,,,,,,,
2013-8-6 17:00:00,37.9,,38.4,37.8,,0,,,156,3.3,150,3.7,175,5.3,,,,,,,,,,,
2013-8-6 16:00:00,38.3,,39.2,38.3,,0,,,170,2.5,173,3.3,170,5.4,,,,,,,,,,,
2013-8-6 15:00:00,39,,39.4,38.8,,0,,,164,2.5,184,3.2,164,5.5,,,,,,,,,,,
2013-8-6 14:00:00,39,,39.7,38.8,,0,,,119,3.2,122,1.7,175,4.2,,,,,,,,,,,
2013-8-6 13:00:00,39.1,,39.7,38.6,,0,,,125,0.8,135,0.9,319,3.5,,,,,,,,,,,
2013-8-6 12:00:00,38.6,,38.7,37.3,,0,,,116,0.8,128,0.3,293,3.5,,,,,,,,,,,
2013-8-6 11:00:00,37.3,,37.3,36.5,,0,,,316,1.9,313,1.8,254,4.6,,,,,,,,,,,
2013-8-6 10:00:00,36.7,,36.7,35.4,,0,,,254,3.4,260,2.7,251,4.4,,,,,,,,,,,
2013-8-6 9:00:00,35.4,,35.4,33.6,,0,,,161,1.4,195,1.8,206,3.8,,,,,,,,,,,
2013-8-6 8:00:00,33.6,,33.6,32,,0,,,229,2.2,225,2.4,206,3.3,,,,,,,,,,,
2013-8-6 7:00:00,31.9,,31.9,30.1,,0,,,206,1.5,202,1.9,161,3.1,,,,,,,,,,,
2013-8-6 6:00:00,30.1,,30.1,29.6,,0,,,164,1.3,178,1.6,184,2.4,,,,,,,,,,,
2013-8-6 5:00:00,29.6,,29.8,29.6,,0,,,195,1.4,189,1.3,173,2.3,,,,,,,,,,,
2013-8-6 4:00:00,29.7,,29.7,29.5,,0,,,164,1.9,166,1.7,144,2.6,,,,,,,,,,,
2013-8-6 3:00:00,29.6,,29.9,29.6,,0,,,144,2.1,152,2,150,3.5,,,,,,,,,,,
2013-8-6 2:00:00,29.9,,30.3,29.9,,0,,,139,3.2,138,2.6,150,4,,,,,,,,,,,
2013-8-6 1:00:00,30.3,,30.8,30.3,,0,,,139,3.1,140,3,139,4.9,,,,,,,,,,,
2013-8-6 00:00:00,30.9,,31.9,30.8,,0,,,147,3.7,139,3.5,139,5.5,,,,,,,,,,,
2013-8-5 23:00:00,31.9,,32.2,31.9,,0,,,130,3.9,141,4.3,139,5.6,,,,,,,,,,,
2013-8-5 22:00:00,32.2,,32.6,32.2,,0,,,128,2.9,133,2.8,156,5.2,,,,,,,,,,,
2013-8-5 21:00:00,32.6,,33,32.6,,0,,,136,3.5,142,4.1,133,6.8,,,,,,,,,,,
2013-8-5 20:00:00,33,,34.7,33,,0,,,153,4.3,146,4.3,150,7.7,,,,,,,,,,,
2013-8-5 19:00:00,34.7,,36.2,34.5,,0,,,144,3.8,140,3.4,150,5,,,,,,,,,,,
2013-8-5 18:00:00,36.2,,37.9,36.2,,0,,,150,3.4,139,2.6,139,3.7,,,,,,,,,,,
2013-8-5 17:00:00,38,,39.2,38,,0,,,161,1.1,137,1,7,2.8,,,,,,,,,,,
2013-8-5 16:00:00,38.5,,38.7,37.9,,0,,,353,0.8,326,0.8,319,4.4,,,,,,,,,,,
2013-8-5 15:00:00,38.2,,38.4,37.5,,0,,,336,2.8,327,2.7,322,4.6,,,,,,,,,,,
2013-8-5 14:00:00,37.7,,37.9,36.7,,0,,,330,3.4,319,2.4,277,5.3,,,,,,,,,,,
2013-8-5 13:00:00,36.8,,36.8,36.1,,0,,,246,4.1,264,3.7,279,6.3,,,,,,,,,,,
2013-8-5 12:00:00,36.5,,36.8,35.8,,0,,,251,2.4,264,3.3,232,7.5,,,,,,,,,,,
2013-8-5 11:00:00,35.8,,35.8,34.7,,0,,,268,4,271,4.2,254,6.4,,,,,,,,,,,
2013-8-5 10:00:00,34.7,,34.7,33.2,,0,,,263,4.4,249,3.7,254,6.4,,,,,,,,,,,
2013-8-5 9:00:00,33.2,,33.2,31,,0,,,229,3.1,226,3,229,5.1,,,,,,,,,,,
2013-8-5 8:00:00,31.1,,31.1,28.9,,0,,,240,1.7,250,1.8,215,4.1,,,,,,,,,,,
2013-8-5 7:00:00,28.9,,28.9,28,,0,,,232,2.2,223,2,212,3,,,,,,,,,,,
2013-8-5 6:00:00,28,,28,27.8,,0,,,195,1.7,194,1.5,178,2.6,,,,,,,,,,,
2013-8-5 5:00:00,27.8,,28.1,27.8,,0,,,187,1.9,188,1.9,173,4,,,,,,,,,,,
2013-8-5 4:00:00,28,,28.3,28,,0,,,150,3.7,162,3.3,156,4.2,,,,,,,,,,,
2013-8-5 3:00:00,28.1,,28.6,28,,0,,,139,2.6,138,2.4,128,3.7,,,,,,,,,,,
2013-8-5 2:00:00,28.4,,28.6,28.2,,0,,,136,2.9,140,2.6,125,3.7,,,,,,,,,,,
2013-8-5 1:00:00,28.4,,28.5,28.3,,0,,,91,0.4,112,1,108,3.5,,,,,,,,,,,
2013-8-5 00:00:00,28.4,,28.6,28.4,,0,,,122,2,133,2.3,139,4.7,,,,,,,,,,,
2013-8-4 23:00:00,28.4,,28.7,27.1,,0,,,139,3.5,139,3.2,150,4.2,,,,,,,,,,,
2013-8-4 22:00:00,27.2,,27.3,26.9,,0,,,66,2,66,1.7,77,2.5,,,,,,,,,,,
2013-8-4 21:00:00,26.8,,27.1,26.7,,0.2,,,60,1.2,76,1.1,49,2.6,,,,,,,,,,,
2013-8-4 20:00:00,27.1,,28.3,26.9,,0.4,,,336,0.5,318,0.9,344,5.5,,,,,,,,,,,
2013-8-4 19:00:00,28.4,,29.1,28.3,,0.1,,,333,4.6,350,3,333,4.6,,,,,,,,,,,
2013-8-4 18:00:00,29,,34.9,29,,1.9,,,313,3,311,3.2,285,10.6,,,,,,,,,,,
2013-8-4 17:00:00,34.9,,36.5,34.9,,0,,,240,1.1,257,1,277,5.5,,,,,,,,,,,
2013-8-4 16:00:00,36.2,,36.6,36,,0,,,299,3.2,291,3.8,268,5.8,,,,,,,,,,,
2013-8-4 15:00:00,36.1,,36.2,35.6,,0,,,263,3.4,284,2.1,293,5.9,,,,,,,,,,,
2013-8-4 14:00:00,35.6,,35.9,34.8,,0,,,265,2.9,249,3.6,271,6.3,,,,,,,,,,,
2013-8-4 13:00:00,34.7,,35,34.6,,0,,,277,4,285,3.6,285,7.7,,,,,,,,,,,
2013-8-4 12:00:00,34.7,,34.7,33.5,,0,,,229,5.3,256,3.2,257,6.9,,,,,,,,,,,
2013-8-4 11:00:00,33.9,,34.1,33.2,,0,,,254,6.2,265,4.3,260,6.9,,,,,,,,,,,
2013-8-4 10:00:00,33.3,,33.3,31.9,,0,,,243,4.7,267,4.3,282,6.4,,,,,,,,,,,
2013-8-4 9:00:00,31.9,,32,31.1,,0,,,229,4,254,4,254,5.7,,,,,,,,,,,
2013-8-4 8:00:00,31,,31,29.3,,0,,,234,1.8,243,1.8,240,5,,,,,,,,,,,
2013-8-4 7:00:00,29.3,,29.3,28.7,,0,,,215,2.2,233,1.7,223,2.9,,,,,,,,,,,
2013-8-4 6:00:00,28.7,,28.8,28.6,,0,,,220,1.4,211,1.7,218,2.8,,,,,,,,,,,
2013-8-4 5:00:00,28.8,,28.8,28.6,,0,,,223,2.2,229,2,240,2.9,,,,,,,,,,,
2013-8-4 4:00:00,28.8,,28.8,28.6,,0,,,209,1.9,226,2.2,237,3.2,,,,,,,,,,,
2013-8-4 3:00:00,28.7,,28.8,28.7,,0,,,226,1.9,220,2.2,226,3.1,,,,,,,,,,,
2013-8-4 2:00:00,28.8,,29.3,28.8,,0,,,240,2.4,225,2.2,232,3.3,,,,,,,,,,,
2013-8-4 1:00:00,29.3,,29.8,29.3,,0,,,226,2.5,229,2.6,229,4.4,,,,,,,,,,,
2013-8-4 00:00:00,29.8,,30.1,29.8,,0,,,251,2.6,233,3,251,5.9,,,,,,,,,,,
2013-8-3 23:00:00,30.1,,30.4,30.1,,0,,,251,3.7,228,3.1,206,5.9,,,,,,,,,,,
2013-8-3 22:00:00,30.4,,31.1,30.4,,0,,,237,3.5,236,3.3,232,5.9,,,,,,,,,,,
2013-8-3 21:00:00,31.1,,31.8,31.1,,0,,,218,2,221,2.4,229,5.1,,,,,,,,,,,
2013-8-3 20:00:00,31.8,,32.5,31.8,,0,,,170,3.4,198,3.1,206,4.8,,,,,,,,,,,
2013-8-3 19:00:00,32.5,,33.1,32.5,,0,,,232,3.4,220,2.3,229,4.6,,,,,,,,,,,
2013-8-3 18:00:00,33.1,,33.7,33.1,,0,,,215,1.9,227,2.7,178,5.3,,,,,,,,,,,
2013-8-3 17:00:00,33.7,,35.4,33.7,,0,,,206,1.7,198,2.7,203,6.6,,,,,,,,,,,
2013-8-3 16:00:00,35.5,,35.6,34.7,,0,,,209,4,203,3.9,232,6.4,,,,,,,,,,,
2013-8-3 15:00:00,34.7,,35,34.1,,0,,,263,4.1,258,4.1,263,5.3,,,,,,,,,,,
2013-8-3 14:00:00,34.6,,34.7,33.3,,0,,,260,4.3,272,4,218,5.9,,,,,,,,,,,
2013-8-3 13:00:00,33.4,,33.5,32.9,,0,,,240,3.7,228,3.9,254,6.8,,,,,,,,,,,
2013-8-3 12:00:00,33,,33.3,32.5,,0,,,251,3.9,257,4,223,7.6,,,,,,,,,,,
2013-8-3 11:00:00,32.8,,32.9,32.3,,0,,,257,3.5,226,4,246,6.9,,,,,,,,,,,
2013-8-3 10:00:00,32.5,,32.6,32.1,,0,,,220,3.8,233,4.6,265,7.1,,,,,,,,,,,
2013-8-3 9:00:00,32.1,,32.1,30.5,,0,,,206,3.2,204,3.3,178,6.8,,,,,,,,,,,
2013-8-3 8:00:00,30.4,,30.4,29.7,,0,,,195,2,198,2.7,215,7.1,,,,,,,,,,,
2013-8-3 7:00:00,29.6,,29.6,29.1,,0,,,189,2.4,190,3.2,192,6,,,,,,,,,,,
2013-8-3 6:00:00,29,,29.1,28.9,,0,,,229,2.7,220,1.8,215,3.8,,,,,,,,,,,
2013-8-3 5:00:00,29.1,,29.4,29.1,,0,,,203,3.5,192,2.4,181,4.6,,,,,,,,,,,
2013-8-3 4:00:00,29.2,,29.4,29.2,,0,,,218,2.3,196,2,195,4.1,,,,,,,,,,,
2013-8-3 3:00:00,29.4,,29.7,29.3,,0,,,184,2.3,184,2.6,175,4.9,,,,,,,,,,,
2013-8-3 2:00:00,29.6,,29.9,29.4,,0,,,173,3.5,178,4.5,192,6.1,,,,,,,,,,,
2013-8-3 1:00:00,29.8,,30,29.7,,0,,,170,4.1,178,3.7,195,5.6,,,,,,,,,,,
2013-8-3 00:00:00,30,,30.3,29.9,,0,,,175,3.9,179,3.9,161,7.3,,,,,,,,,,,
2013-8-2 23:00:00,30.3,,30.3,29.9,,0,,,173,5.3,162,5.4,178,7.6,,,,,,,,,,,
2013-8-2 22:00:00,29.9,,30,29.8,,0,,,142,4.7,139,4.5,156,6.4,,,,,,,,,,,
2013-8-2 21:00:00,29.8,,30,29.8,,0,,,150,4.3,142,3.5,144,7,,,,,,,,,,,
2013-8-2 20:00:00,30,,30.1,30,,0,,,153,5,147,4.5,142,6.7,,,,,,,,,,,
2013-8-2 19:00:00,29.9,,31.1,29.9,,0.1,,,139,4.4,142,3.8,142,8.3,,,,,,,,,,,
2013-8-2 18:00:00,31.1,,31.4,31,,0,,,142,5.5,145,5.3,136,9,,,,,,,,,,,
2013-8-2 17:00:00,31.4,,31.6,31.4,,0,,,128,5.2,143,4.5,136,7.6,,,,,,,,,,,
2013-8-2 16:00:00,31.5,,32.4,31.5,,0,,,144,5.2,139,5.4,150,8,,,,,,,,,,,
2013-8-2 15:00:00,32.4,,32.9,32.3,,0,,,170,4.4,166,4.4,164,8.8,,,,,,,,,,,
2013-8-2 14:00:00,32.8,,33.1,32.7,,0,,,170,4.3,173,4.9,170,8,,,,,,,,,,,
2013-8-2 13:00:00,33.1,,33.6,32.3,,0,,,164,5.1,170,5,128,6.9,,,,,,,,,,,
2013-8-2 12:00:00,32.4,,32.6,31.3,,0,,,150,4,155,4.3,170,6.6,,,,,,,,,,,
2013-8-2 11:00:00,31.4,,31.5,31.1,,0,,,164,4,166,4.2,156,6.7,,,,,,,,,,,
2013-8-2 10:00:00,31.4,,31.8,30.9,,0,,,173,5,168,5.3,161,6.9,,,,,,,,,,,
2013-8-2 9:00:00,31,,31,29.5,,0,,,175,4.4,166,4.7,173,6.8,,,,,,,,,,,
2013-8-2 8:00:00,29.5,,29.5,27.8,,0,,,167,3,150,3.3,156,4.7,,,,,,,,,,,
2013-8-2 7:00:00,27.8,,27.9,26.9,,0,,,153,2.5,161,2.8,161,3.4,,,,,,,,,,,
2013-8-2 6:00:00,27,,27.1,26.9,,0,,,153,2.1,158,2,164,3.5,,,,,,,,,,,
2013-8-2 5:00:00,27,,27.1,26.8,,0,,,161,2.3,164,2.3,161,3.8,,,,,,,,,,,
2013-8-2 4:00:00,27,,27,26.4,,0,,,161,2.5,141,2.7,133,3.3,,,,,,,,,,,
2013-8-2 3:00:00,26.5,,26.8,26.4,,0,,,240,0,236,0.2,288,2.2,,,,,,,,,,,
2013-8-2 2:00:00,26.9,,27.3,26.8,,0,,,240,1.1,236,1.4,240,4.1,,,,,,,,,,,
2013-8-2 1:00:00,27.3,,27.7,27.1,,0,,,240,2,240,1.7,150,2.7,,,,,,,,,,,
2013-8-2 00:00:00,27.6,,27.7,26.7,,0,,,139,2.1,147,2.5,139,4,,,,,,,,,,,
2013-8-1 23:00:00,26.7,,27.2,26.6,,0,,,128,3.4,126,3.2,142,5.2,,,,,,,,,,,
2013-8-1 22:00:00,27.2,,27.4,26.9,,0,,,164,3.4,159,3.9,206,5.8,,,,,,,,,,,
2013-8-1 21:00:00,27.2,,29,27.1,,0,,,226,3.3,222,2.5,226,17,,,,,,,,,,,
2013-8-1 20:00:00,29,,29,28.5,,0,,,198,1.6,197,2.4,161,5.2,,,,,,,,,,,
2013-8-1 19:00:00,28.5,,28.5,26.4,,0.7,,,164,4.4,155,4.4,49,6.9,,,,,,,,,,,
2013-8-1 18:00:00,28,,28,27.5,,0.1,,,38,1.1,83,1.8,310,12.4,,,,,,,,,,,
2013-8-1 17:00:00,27.8,,33.4,27.7,,0,,,9,2.2,52,4.6,77,12.5,,,,,,,,,,,
2013-8-1 16:00:00,33.4,,34.1,31.9,,0.1,,,66,1.4,79,1.5,105,6.5,,,,,,,,,,,
2013-8-1 15:00:00,31.9,,37.5,31.8,,0.3,,,265,2,237,2.1,243,7.9,,,,,,,,,,,
2013-8-1 14:00:00,37.5,,38.1,37,,0,,,271,1.3,301,0.8,313,2.9,,,,,,,,,,,
2013-8-1 13:00:00,37.2,,37.4,36,,0,,,128,1.6,127,1.9,164,4,,,,,,,,,,,
2013-8-1 12:00:00,35.9,,35.9,35.1,,0,,,133,2.7,147,2.4,156,4,,,,,,,,,,,
2013-8-1 11:00:00,35.2,,35.3,33.9,,0,,,142,2.3,164,1.7,153,4.2,,,,,,,,,,,
2013-8-1 10:00:00,33.9,,33.9,32.6,,0,,,203,1.6,208,2.1,192,4.1,,,,,,,,,,,
2013-8-1 9:00:00,32.5,,32.5,30.8,,0,,,195,1.7,202,2.1,170,4.9,,,,,,,,,,,
2013-8-1 8:00:00,30.7,,30.7,29.3,,0,,,167,1.9,184,2.5,173,6.1,,,,,,,,,,,
2013-8-1 7:00:00,29.4,,29.4,28.5,,0,,,170,5.6,176,3.9,161,5.7,,,,,,,,,,,
2013-8-1 6:00:00,28.4,,28.5,28.3,,0,,,150,2.7,155,2.5,156,3.7,,,,,,,,,,,
2013-8-1 5:00:00,28.4,,28.7,28.3,,0,,,170,2.5,162,2.7,156,3.5,,,,,,,,,,,
2013-8-1 4:00:00,28.4,,28.7,28.2,,0,,,173,1.9,183,2,218,4.1,,,,,,,,,,,
2013-8-1 3:00:00,28.7,,28.9,28.4,,0,,,218,1.7,194,2.2,215,3.6,,,,,,,,,,,
2013-8-1 2:00:00,28.4,,28.8,28.1,,0,,,150,1.9,154,1.9,139,2.9,,,,,,,,,,,
2013-8-1 1:00:00,28.2,,28.4,28.1,,0,,,195,1.3,185,1.2,192,2.6,,,,,,,,,,,
